Date,Inflow
01-01-08,5.1
02-01-08,7.29
03-01-08,23.89
04-01-08,18.14
05-01-08,11.92
06-01-08,11.74
07-01-08,12.21
08-01-08,11.24
09-01-08,15.38
10-01-08,12.58
11-01-08,32.01
12-01-08,26.61
13-01-08,29.7
14-01-08,43.41
15-01-08,45.9
16-01-08,79.78
17-01-08,40.64
18-01-08,34.05
19-01-08,26.57
20-01-08,22.73
21-01-08,19.5
22-01-08,18.28
23-01-08,16.97
24-01-08,15.02
25-01-08,14.37
26-01-08,13.71
27-01-08,12.43
28-01-08,12.36
29-01-08,11.73
30-01-08,11.1
31-01-08,10.49
01-02-08,13.08
02-02-08,17.58
03-02-08,18.18
04-02-08,29.88
05-02-08,20.23
06-02-08,17.61
07-02-08,15.65
08-02-08,14.99
09-02-08,13.68
10-02-08,13.03
11-02-08,12.39
12-02-08,11.75
13-02-08,11.77
14-02-08,10.5
15-02-08,10.45
16-02-08,10.48
17-02-08,9.87
18-02-08,9.18
19-02-08,10.5
20-02-08,12.43
21-02-08,11.81
22-02-08,9.94
23-02-08,9.34
24-02-08,9.93
25-02-08,9.97
26-02-08,9.38
27-02-08,11.26
28-02-08,16.25
29-02-08,11.89
01-03-08,11.86
02-03-08,10.66
03-03-08,10.67
04-03-08,10.09
05-03-08,9.43
06-03-08,9.57
07-03-08,8.35
08-03-08,8.83
09-03-08,10.07
10-03-08,13.14
11-03-08,12.52
12-03-08,11.84
13-03-08,10.78
14-03-08,10.2
15-03-08,11.31
16-03-08,11.84
17-03-08,11.84
18-03-08,13.84
19-03-08,13.21
20-03-08,11.24
21-03-08,10.62
22-03-08,15.44
23-03-08,17.55
24-03-08,18.14
25-03-08,18.15
26-03-08,22.53
27-03-08,44.89
28-03-08,39.09
29-03-08,28.4
30-03-08,35.56
31-03-08,32.2
01-04-08,26.65
02-04-08,24.04
03-04-08,21.53
04-04-08,19.57
05-04-08,18.83
06-04-08,16.81
07-04-08,17.5
08-04-08,20.29
09-04-08,71.94
10-04-08,73.33
11-04-08,47.3
12-04-08,38.61
13-04-08,40.65
14-04-08,38.67
15-04-08,31.76
16-04-08,30.29
18-04-08,72.52
19-04-08,73.4
20-04-08,72.3
21-04-08,102.62
22-04-08,73.82
23-04-08,76.07
24-04-08,54.91
25-04-08,47.51
26-04-08,42.04
27-04-08,37.33
28-04-08,36.42
29-04-08,35.7
30-04-08,40.23
01-05-08,34.32
02-05-08,31.34
03-05-08,27.24
04-05-08,26.36
05-05-08,25.43
06-05-08,24.21
07-05-08,21.58
08-05-08,22.18
09-05-08,40.44
10-05-08,27.69
11-05-08,26.67
12-05-08,23.38
13-05-08,23.24
14-05-08,23.61
15-05-08,29.87
16-05-08,25.75
17-05-08,24.75
18-05-08,24.8
19-05-08,27.15
20-05-08,21.94
21-05-08,20.42
22-05-08,24.94
23-05-08,49.98
24-05-08,45.59
25-05-08,35.91
26-05-08,29.52
27-05-08,39.07
28-05-08,33.09
29-05-08,40.19
30-05-08,40.19
31-05-08,31.94
01-06-08,28.42
02-06-08,23.85
03-06-08,22.45
04-06-08,27.11
05-06-08,18.8
06-06-08,24.63
07-06-08,22.25
08-06-08,21.04
09-06-08,19.75
10-06-08,14.74
11-06-08,11.75
12-06-08,9.99
13-06-08,8.29
14-06-08,7.98
15-06-08,9.17
16-06-08,13.52
17-06-08,16.94
18-06-08,14.63
19-06-08,13.48
20-06-08,12.57
21-06-08,12.36
22-06-08,11.22
23-06-08,10.04
24-06-08,10.06
25-06-08,10.07
26-06-08,9.23
27-06-08,9.04
28-06-08,7.77
29-06-08,7.79
30-06-08,7.75
01-07-08,6.7
02-07-08,7.81
03-07-08,6.63
04-07-08,6.72
05-07-08,6.95
06-07-08,7.08
07-07-08,6.91
08-07-08,5.64
09-07-08,5.63
10-07-08,6.81
11-07-08,5.7
12-07-08,6.84
13-07-08,4.66
14-07-08,5.88
15-07-08,3.68
16-07-08,4.91
17-07-08,3.68
20-07-08,2.65
21-07-08,2.69
22-07-08,2.74
23-07-08,2.74
24-07-08,2.84
25-07-08,4.1
26-07-08,2.85
27-07-08,2.84
28-07-08,2.84
29-07-08,1.9
30-07-08,1.92
31-07-08,3.03
01-08-08,2.11
02-08-08,2.51
03-08-08,2.48
04-08-08,2.41
05-08-08,1.24
06-08-08,2.27
07-08-08,1.32
08-08-08,1.4
09-08-08,1.42
10-08-08,1.43
11-08-08,1.48
12-08-08,2.54
13-08-08,2.8
14-08-08,0.55
15-08-08,1.62
16-08-08,5.65
17-08-08,3.26
18-08-08,2.02
19-08-08,2.03
20-08-08,1.08
21-08-08,1.45
22-08-08,1.53
23-08-08,1.56
24-08-08,0.68
25-08-08,1.72
26-08-08,0.89
27-08-08,0.06
28-08-08,0.69
29-08-08,0
30-08-08,2.68
31-08-08,1.75
01-09-08,1
02-09-08,0.85
03-09-08,2.64
04-09-08,3.63
05-09-08,5.55
06-09-08,5.32
07-09-08,3.6
08-09-08,-0.38
09-09-08,1.39
10-09-08,0
12-09-08,2.11
13-09-08,1.41
14-09-08,1.55
15-09-08,0.81
16-09-08,0.93
17-09-08,0.87
18-09-08,0.67
19-09-08,0.71
20-09-08,0.03
21-09-08,0.81
22-09-08,0.15
23-09-08,0.2
24-09-08,0.17
25-09-08,2.15
26-09-08,2.28
27-09-08,2.74
28-09-08,1.92
29-09-08,1.43
30-09-08,1.51
01-10-08,0.93
02-10-08,0.99
05-10-08,1.11
06-10-08,1.19
07-10-08,11.99
08-10-08,5.64
09-10-08,4.08
10-10-08,3.25
11-10-08,2.78
12-10-08,2.23
14-10-08,2.99
15-10-08,2.25
16-10-08,3.19
17-10-08,3.14
19-10-08,2.35
20-10-08,2.39
21-10-08,4.61
22-10-08,5.42
23-10-08,3.87
24-10-08,3.14
25-10-08,3.15
26-10-08,2.83
27-10-08,3.14
28-10-08,3.26
29-10-08,3.31
30-10-08,5.8
31-10-08,7.59
01-11-08,7.9
02-11-08,8.64
03-11-08,7.93
05-11-08,12.34
06-11-08,8.74
07-11-08,10.2
08-11-08,8.84
09-11-08,8.17
10-11-08,11.09
11-11-08,19.66
12-11-08,13.23
13-11-08,11.78
14-11-08,8.78
15-11-08,8.72
16-11-08,8.03
17-11-08,6.63
18-11-08,6.66
19-11-08,7.4
20-11-08,6.11
21-11-08,6.16
22-11-08,6.15
23-11-08,5.44
24-11-08,8.28
25-11-08,12.29
26-11-08,10.28
27-11-08,8.9
28-11-08,10.3
29-11-08,30.91
30-11-08,34.65
01-12-08,33.27
02-12-08,24.27
03-12-08,59.16
04-12-08,50.61
05-12-08,45.04
06-12-08,46.34
07-12-08,104.24
08-12-08,52.55
09-12-08,40.51
10-12-08,34.1
11-12-08,34.26
12-12-08,44.73
13-12-08,94.95
14-12-08,89.57
15-12-08,74.06
16-12-08,62.14
17-12-08,51.41
18-12-08,43.06
19-12-08,38.52
20-12-08,34.73
21-12-08,32.85
22-12-08,29.95
23-12-08,28.07
24-12-08,26.17
25-12-08,25.35
26-12-08,19.08
28-12-08,19.91
30-12-08,15.83
31-12-08,15
01-01-09,30.40123435412917
02-01-09,31.80568433583333
03-01-09,65.57056586737916
04-01-09,31.408372986729166
05-01-09,26.269324890845837
06-01-09,25.5486829939625
07-01-09,24.077379995820834
08-01-09,22.317502879925
09-01-09,22.065439382145836
10-01-09,21.834671609724996
11-01-09,20.4986695791875
12-01-09,19.82272123183333
13-01-09,63.060886930279175
14-01-09,29.657016526525002
15-01-09,33.364048230116666
16-01-09,36.14695774720417
17-01-09,28.57232060209583
18-01-09,31.372409433874996
19-01-09,68.77949246865833
20-01-09,75.69302764188333
21-01-09,48.28591153171667
22-01-09,58.120455578575
23-01-09,141.37957002406668
24-01-09,124.66953577446252
25-01-09,115.11195794358748
26-01-09,91.13282873089167
27-01-09,63.463588135925
28-01-09,80.10252183519584
29-01-09,137.38176345865
30-01-09,65.47550155879583
31-01-09,125.59991249887082
01-02-09,95.47760308344168
02-02-09,60.3057960001625
03-02-09,55.47656958915417
04-02-09,106.62517889862916
05-02-09,104.56404506647084
06-02-09,96.03967832183334
07-02-09,74.71768311483333
08-02-09,69.85519950530417
09-02-09,95.38511261371248
10-02-09,115.75474381239167
11-02-09,62.655891360225006
12-02-09,53.688950193412495
13-02-09,47.69126238847917
14-02-09,43.3894130821125
15-02-09,40.41359780296667
16-02-09,38.1970928889125
17-02-09,36.11005538990833
18-02-09,34.3929276108875
19-02-09,33.35046432065833
20-02-09,32.030730236483336
21-02-09,30.13598406312917
22-02-09,28.497679174079167
23-02-09,27.349761277070836
24-02-09,26.3660952774875
25-02-09,25.26092324184167
26-02-09,24.256583471429167
27-02-09,22.777177209675
28-02-09,22.352160251662497
01-03-09,25.660984369425005
02-03-09,26.997777937887502
03-03-09,22.73364772402083
04-03-09,52.41301410599167
05-03-09,82.03503082480835
06-03-09,61.29721434172501
07-03-09,42.60316004625417
08-03-09,32.40438395577917
09-03-09,26.617700701604164
10-03-09,22.8185059238
11-03-09,20.544525738125
12-03-09,18.785243041825
13-03-09,17.369966097729165
14-03-09,16.655074902091666
15-03-09,17.04986636725
16-03-09,15.856059962891669
17-03-09,14.39864826505
18-03-09,13.590648285408335
19-03-09,12.930124440795831
20-03-09,12.588086358645834
21-03-09,12.832600347029166
22-03-09,11.670852618820833
23-03-09,11.037782001875001
24-03-09,10.7469728390875
25-03-09,10.545630458337499
26-03-09,10.529892155166666
27-03-09,10.641193028648333
28-03-09,16.136392922708335
29-03-09,23.325822716608332
30-03-09,15.38461562919583
31-03-09,11.701352109
01-04-09,10.373459063318334
02-04-09,9.459766469335415
03-04-09,9.155607819015833
04-04-09,10.598100091451668
05-04-09,11.750613364175
06-04-09,18.687806260252085
07-04-09,26.454432375408334
08-04-09,15.1205018375125
09-04-09,19.219432122679166
10-04-09,60.29110012491666
11-04-09,34.38357432100417
12-04-09,22.303447567254167
13-04-09,19.031685695270834
14-04-09,26.061569702570836
15-04-09,29.311515272875
16-04-09,31.921417305654163
17-04-09,34.67505126165833
18-04-09,30.50357604155
19-04-09,31.2174726967
20-04-09,15.539979658608333
21-04-09,11.917635137033335
22-04-09,10.0321495033475
23-04-09,8.654888060214583
24-04-09,9.153916067362085
25-04-09,14.880029824329165
26-04-09,18.840057569933332
27-04-09,17.997340093716666
28-04-09,28.36571816362083
29-04-09,20.3413915961625
30-04-09,25.000630586591665
01-05-09,21.30424276125417
02-05-09,11.084718473311668
03-05-09,8.245937588790417
04-05-09,7.381628257022083
05-05-09,7.099581136020416
06-05-09,6.419320577697083
07-05-09,5.92870750274
08-05-09,6.349054588027083
09-05-09,7.755056054531667
10-05-09,10.76033873273625
11-05-09,55.61683198980833
12-05-09,41.204691846079164
13-05-09,22.657952719970833
14-05-09,24.314115787799995
15-05-09,18.70041630620417
16-05-09,36.01898823801667
17-05-09,52.50335906835834
18-05-09,29.796571246674997
19-05-09,17.398502346016667
20-05-09,12.885503228033334
21-05-09,10.922797944279168
22-05-09,10.5603205238125
23-05-09,15.220479647600833
24-05-09,20.100915893575003
25-05-09,26.09701308039583
26-05-09,24.6077379641125
27-05-09,13.681442508879167
28-05-09,9.0141371590675
29-05-09,6.6265689267095835
30-05-09,5.564642836862084
31-05-09,5.175903181127084
01-06-09,5.184061989304166
02-06-09,5.19031317430875
03-06-09,5.16122768864375
04-06-09,8.139418971009583
05-06-09,27.553207476016667
06-06-09,40.153830208304164
07-06-09,38.621043543075
08-06-09,80.59425985622916
09-06-09,64.93561712185834
10-06-09,59.6963663974625
11-06-09,34.190093546691664
12-06-09,18.7056423900125
13-06-09,14.215958780275002
14-06-09,12.776627344049999
15-06-09,17.192326487595835
16-06-09,14.176227049625
17-06-09,11.519642268645832
18-06-09,10.093029960923749
19-06-09,8.963661668962917
20-06-09,9.011083998086667
21-06-09,7.866523276591667
22-06-09,6.700730218231667
23-06-09,6.678663193865417
24-06-09,9.215877421959584
25-06-09,11.815732648420417
26-06-09,14.780140221729164
27-06-09,11.525526115162918
28-06-09,11.568371986214167
29-06-09,13.257583849708334
30-06-09,12.9396774319875
01-07-09,11.4012924552
02-07-09,10.10952268317
03-07-09,8.665874093235
04-07-09,10.750597472144582
05-07-09,11.278061568357083
06-07-09,12.851694551579167
07-07-09,9.114317374673751
08-07-09,7.583979802511666
09-07-09,6.200386775227083
10-07-09,5.189030394180417
11-07-09,4.5855705540162495
12-07-09,4.561254276745833
13-07-09,6.63790481874
14-07-09,6.2197576846125004
15-07-09,6.442243310527499
16-07-09,7.13294487762625
17-07-09,12.363413623023751
18-07-09,7.5639956273029165
19-07-09,5.763834563762501
20-07-09,4.476134240987084
21-07-09,3.5957257827654168
22-07-09,20.15413848491833
23-07-09,45.7451250406125
24-07-09,16.813104827066667
25-07-09,11.83650515612625
26-07-09,7.099876345120417
27-07-09,5.661450402258333
28-07-09,6.00613155504125
29-07-09,4.734996648272083
30-07-09,5.090951105562916
31-07-09,4.506876771797916
01-08-09,10.423764096953333
02-08-09,16.13090736076875
03-08-09,7.396707818116667
04-08-09,5.6854424987500005
05-08-09,5.70684718482875
06-08-09,7.320586476603751
07-08-09,8.714872766813334
08-08-09,6.965615733787082
09-08-09,5.280731000390833
10-08-09,3.89335306572375
11-08-09,3.0215278125804166
12-08-09,2.521389062269583
13-08-09,2.3946948071583334
14-08-09,2.34746163682625
15-08-09,2.6382271951320835
16-08-09,3.165621482042083
17-08-09,2.941890572568333
18-08-09,2.9573008517104165
19-08-09,2.6330996150945833
20-08-09,2.7055723712225004
21-08-09,4.1535041770562495
22-08-09,3.476003687839166
23-08-09,2.6620524283795834
24-08-09,2.5065451108504164
25-08-09,4.7434830834133335
26-08-09,4.097211595473749
27-08-09,3.690887762477917
28-08-09,3.682459083840417
29-08-09,3.393430858211667
30-08-09,2.657699958481667
31-08-09,2.0727083877683334
01-09-09,2.17200580737625
02-09-09,2.4712665141095833
03-09-09,2.9100940206604164
04-09-09,3.643327598525417
05-09-09,3.286995276001667
06-09-09,2.5564447458283333
07-09-09,2.21450491596
08-09-09,1.8964194337416667
09-09-09,1.880458681095
10-09-09,2.18908517154
11-09-09,2.1975675865466666
12-09-09,2.081451310107917
13-09-09,2.0194565452362503
14-09-09,1.9397054265995834
15-09-09,2.14970864126875
16-09-09,2.7426202762475
17-09-09,5.11397019650875
18-09-09,6.618621364956667
19-09-09,5.6753373029650005
20-09-09,8.65825303281875
21-09-09,5.516686190245
22-09-09,3.646165816550417
23-09-09,2.55829530236125
24-09-09,2.0308821092525
25-09-09,1.8158688522229165
26-09-09,1.7183182845575
27-09-09,1.5949127110541668
28-09-09,1.5587887293412501
29-09-09,1.4875001798554166
30-09-09,1.6771580314041667
01-10-09,2.282822895335
02-10-09,2.539338044830833
03-10-09,2.3109306915404164
04-10-09,5.846779963247499
05-10-09,19.8097621557375
06-10-09,20.823977681316666
07-10-09,49.031800635575
08-10-09,35.810644934258335
09-10-09,16.876555834141666
10-10-09,12.861092464020834
11-10-09,11.218020865245
12-10-09,8.07932708604875
13-10-09,5.99925160342
14-10-09,4.80663133009375
15-10-09,4.200637919191251
16-10-09,3.8210050922725003
17-10-09,3.5483982881179164
18-10-09,3.545337009950833
19-10-09,3.651065282745417
20-10-09,15.95594340681
21-10-09,22.92301892342917
22-10-09,57.06241811184166
23-10-09,26.25767604405
24-10-09,25.622996284033334
25-10-09,40.44236875995
26-10-09,23.614553168616666
27-10-09,14.892054572533334
28-10-09,12.194552143533334
29-10-09,10.035784199780416
30-10-09,9.30621132732
31-10-09,12.845905580145834
01-11-09,30.4379809600625
02-11-09,41.909794641400005
03-11-09,21.291461435133332
04-11-09,32.4792750183125
05-11-09,42.877019192724994
06-11-09,57.51256954035417
07-11-09,42.00371850092083
08-11-09,36.884720905529164
09-11-09,26.335284231066666
10-11-09,24.744991705620833
11-11-09,24.192127419366667
12-11-09,60.4286110257625
13-11-09,34.80421922522917
14-11-09,90.152221364075
15-11-09,132.4035785353625
16-11-09,158.3921331177083
17-11-09,117.81319880304169
18-11-09,56.15655325114583
19-11-09,44.5661166641625
20-11-09,43.58088461083333
21-11-09,49.90446304266249
22-11-09,62.7050076992625
23-11-09,46.627858671604166
24-11-09,39.250250667495834
25-11-09,73.09317195837917
26-11-09,60.091558299845836
27-11-09,53.12883412614167
28-11-09,55.691438626200004
29-11-09,122.45349818172501
30-11-09,85.48373660755418
01-12-09,75.63959084105417
02-12-09,84.3747420422
03-12-09,90.32427881197084
04-12-09,57.69590692602916
05-12-09,82.51401197954166
06-12-09,311.4865175372916
07-12-09,152.64155868704168
08-12-09,78.78595232122082
09-12-09,67.62565891617918
10-12-09,60.772349616808334
11-12-09,55.7109536926125
12-12-09,52.01365368053333
13-12-09,48.29149126590833
14-12-09,46.24455544745833
15-12-09,44.319505704566666
16-12-09,74.42758532558332
17-12-09,177.724682042175
18-12-09,62.563263028899996
19-12-09,52.6390462416875
20-12-09,48.396540921145835
21-12-09,77.2028389032875
22-12-09,136.27878777933333
23-12-09,78.74893956042082
24-12-09,134.95715172914583
25-12-09,79.92257950267917
26-12-09,58.098134158391666
27-12-09,56.105429343100006
28-12-09,165.22397942679166
29-12-09,147.079935837625
30-12-09,144.31427832458334
31-12-09,113.041269960375
01-01-10,99.20267514053751
02-01-10,81.06088347325
03-01-10,99.59478516292916
04-01-10,69.10629286430833
05-01-10,60.6811777996375
06-01-10,56.478372955095836
07-01-10,55.391095091562505
08-01-10,53.127732997550005
09-01-10,49.49747178335417
10-01-10,47.38083789909166
11-01-10,50.61106645007084
12-01-10,141.42195696347082
13-01-10,118.45756552045417
14-01-10,202.82720508413752
15-01-10,80.72040435051667
16-01-10,144.84623795676666
17-01-10,97.60209593869166
18-01-10,69.42286685756666
19-01-10,66.53839559217083
20-01-10,92.16516301877084
21-01-10,62.474829332879175
22-01-10,97.59828023549169
23-01-10,97.02107129487916
24-01-10,73.58659503761668
25-01-10,54.93881402922917
26-01-10,50.45835710547083
27-01-10,45.336768758925
28-01-10,43.597676882325
29-01-10,49.134283599774996
30-01-10,54.595495228383335
31-01-10,54.591192841349994
01-02-10,46.04890605738333
02-02-10,38.45704568300417
03-02-10,35.978629964795836
04-02-10,51.61819420300416
05-02-10,107.19742006547084
06-02-10,56.24163518837083
07-02-10,44.892807171808336
08-02-10,51.99280643609583
09-02-10,46.53719703098333
10-02-10,38.8498279473
11-02-10,37.18213535674584
12-02-10,32.313489249625
13-02-10,30.48026820293333
14-02-10,29.699847349520834
15-02-10,28.4351287847625
16-02-10,27.11666243009167
17-02-10,29.508774281299996
18-02-10,33.7757385197875
19-02-10,31.777325939783335
20-02-10,34.01782851994583
21-02-10,40.88382995243333
22-02-10,99.65949502350418
23-02-10,97.62233805803334
24-02-10,165.89978136795835
25-02-10,290.067433928625
26-02-10,129.56712575252917
27-02-10,161.28059260355835
28-02-10,148.750956264375
01-03-10,117.76313899953334
02-03-10,75.01649387692918
03-03-10,94.4593757374375
04-03-10,71.25986502305834
05-03-10,55.313243759012494
06-03-10,49.45099659814167
07-03-10,55.01103792209167
08-03-10,50.73210089715834
09-03-10,42.448789270525
10-03-10,39.5712832605875
11-03-10,37.350589163529165
12-03-10,35.76327017209584
13-03-10,35.977766549175
14-03-10,37.138178683154166
15-03-10,31.045461338695834
16-03-10,28.83266216181666
17-03-10,27.63357552789167
18-03-10,29.74265411255833
19-03-10,47.786831434104165
20-03-10,107.95932434692502
21-03-10,70.43723437239167
22-03-10,39.606064462425
23-03-10,32.68297814423333
24-03-10,36.01749532438333
25-03-10,75.27752799895835
26-03-10,117.77273329398334
27-03-10,74.5103329581
28-03-10,46.18536352871249
29-03-10,78.08345209522084
30-03-10,127.18903214987084
31-03-10,96.84362404054582
01-04-10,77.1189348731875
02-04-10,74.16041952671252
03-04-10,86.70106454804584
04-04-10,75.5922679372375
05-04-10,47.93874793642084
06-04-10,39.680770256804166
07-04-10,46.6872019849125
08-04-10,35.52139848582917
09-04-10,30.8749687213125
10-04-10,28.203225570587495
11-04-10,26.139773145562497
12-04-10,26.690295414737502
13-04-10,24.873381498104166
14-04-10,23.03075306312083
15-04-10,34.17157146395834
16-04-10,34.77075119070833
17-04-10,35.25821809485
18-04-10,54.7686563851375
19-04-10,43.6567428743625
20-04-10,28.421291763445833
21-04-10,36.38364232382083
22-04-10,41.35891708135
23-04-10,42.458361593216665
24-04-10,28.96193671713333
25-04-10,23.631415939741668
26-04-10,19.694002833270833
27-04-10,17.4638313944375
28-04-10,16.163528294891666
29-04-10,21.600647865525
30-04-10,20.14234238732917
01-05-10,21.743679407475
02-05-10,20.93171204480417
03-05-10,20.693821556508333
04-05-10,23.008635376066668
05-05-10,17.871329316537498
06-05-10,15.958826371833334
07-05-10,23.99484883991667
08-05-10,36.661120955775
09-05-10,53.57177093352917
10-05-10,59.1460286263875
11-05-10,56.063657616445845
12-05-10,39.1472166726625
13-05-10,34.093648100687496
14-05-10,34.42427261555
15-05-10,32.8959001106125
16-05-10,23.14346644375
17-05-10,18.300024543975
18-05-10,14.705152314891668
19-05-10,12.921665637783335
20-05-10,11.823610732604166
21-05-10,10.993432643795835
22-05-10,10.25696497046875
23-05-10,9.975113974730833
24-05-10,15.614623980626249
25-05-10,36.065382526341665
26-05-10,35.703632844208336
27-05-10,26.097840748291663
28-05-10,21.343259390341668
29-05-10,16.350934905679168
30-05-10,16.95495334929583
31-05-10,14.943819966579168
01-06-10,11.739643972024998
02-06-10,13.585106155120833
03-06-10,10.09507575416375
04-06-10,8.711985686026251
05-06-10,9.586178066024582
06-06-10,11.785101942041669
07-06-10,10.067052928634167
08-06-10,16.3633731309625
09-06-10,92.121434016925
10-06-10,101.24245686673748
11-06-10,99.58467800920835
12-06-10,49.02615071475
13-06-10,31.458183411354167
14-06-10,26.361797217695834
15-06-10,22.7821728333375
16-06-10,24.32784761085833
17-06-10,19.675334597079168
18-06-10,15.911253068508335
19-06-10,14.82036596625
20-06-10,15.453821642608332
21-06-10,12.560338496966667
22-06-10,11.00211380265
23-06-10,10.033823715286251
24-06-10,9.7664651899425
25-06-10,10.737530854907499
26-06-10,16.903001504495833
27-06-10,15.475403051199999
28-06-10,11.057583459692916
29-06-10,9.240950961025417
30-06-10,8.481676484180833
01-07-10,8.010897404947917
02-07-10,10.550524912108333
03-07-10,21.328743301575
04-07-10,12.5862691872125
05-07-10,9.253890549135834
06-07-10,7.590717125102084
07-07-10,6.907560218730833
08-07-10,7.932488241202917
09-07-10,20.82654164852917
10-07-10,10.817405245945002
11-07-10,8.12107522054
12-07-10,7.69081004244
13-07-10,10.303940333637083
14-07-10,10.500666050546668
15-07-10,10.248979126164583
16-07-10,8.813313349818332
17-07-10,8.078946208540835
18-07-10,6.368581515349582
19-07-10,5.281011546909167
20-07-10,5.342176714068749
21-07-10,6.791840341610417
22-07-10,6.63882387851125
23-07-10,6.232072395854168
24-07-10,5.3349043285891655
25-07-10,4.494750896255
26-07-10,3.9872729238516667
27-07-10,3.843108477465
28-07-10,3.64316328548125
29-07-10,3.6066899686470832
30-07-10,3.4679973073191666
31-07-10,3.94984351782375
01-08-10,3.7188112816795833
02-08-10,4.27800820783375
03-08-10,4.093437097484584
04-08-10,3.5125424416883333
05-08-10,3.3656827559866667
06-08-10,3.1837511306725
07-08-10,3.0094948487441666
08-08-10,2.6664761258520833
09-08-10,2.8184818373412495
10-08-10,2.9233760290475
11-08-10,2.6781389308837498
12-08-10,2.7233089870612504
13-08-10,3.0421690991137496
14-08-10,2.944417895884584
15-08-10,2.71411379840625
16-08-10,2.3749039305908335
17-08-10,2.2866687329404165
18-08-10,2.6588116070270833
19-08-10,3.9448787819583333
20-08-10,3.126706687938333
21-08-10,2.4382299775575
22-08-10,2.191459913737917
23-08-10,2.78211762873125
24-08-10,5.419165609818751
25-08-10,3.9390686920466664
26-08-10,2.7403351971099994
27-08-10,4.015529148124167
28-08-10,3.707706659487917
29-08-10,2.5837046524579166
30-08-10,1.9479294907558333
31-08-10,1.6218299701720833
01-09-10,2.20149388724
02-09-10,6.256569851515001
03-09-10,4.27882891198625
04-09-10,2.8195881629133335
05-09-10,2.3026830556520834
06-09-10,3.01259272617
07-09-10,12.494883936522916
08-09-10,15.8458527294125
09-09-10,11.874931261142914
10-09-10,7.069596654923334
11-09-10,4.7214479305524995
12-09-10,3.547576980139583
13-09-10,2.9230585649608334
14-09-10,2.4821287642233334
15-09-10,2.1451702919904165
16-09-10,3.5089585166216666
17-09-10,13.116468611539167
18-09-10,7.420102384994166
19-09-10,5.132161147967083
20-09-10,3.8171098426216665
21-09-10,3.0650808052641665
22-09-10,2.8045508064962505
23-09-10,3.19319859700875
24-09-10,8.752377721926667
25-09-10,7.777783602493751
26-09-10,5.7675865322195845
27-09-10,4.22614617779375
28-09-10,3.37039632277
29-09-10,3.2462854980370834
30-09-10,5.447662759615416
01-10-10,4.87487649912
02-10-10,4.388298089816667
03-10-10,123.72540506143126
04-10-10,83.46130626988334
05-10-10,27.599193860062503
06-10-10,76.75531408722499
07-10-10,32.540418960375
08-10-10,32.400953521
09-10-10,89.79163272814166
10-10-10,34.1426732188125
11-10-10,24.61264203139167
12-10-10,20.652305941675003
13-10-10,17.42423795903333
14-10-10,14.996534076437499
15-10-10,14.013680573270832
16-10-10,13.592875710674997
17-10-10,13.238017754120833
18-10-10,12.5425608965
19-10-10,12.244907313025001
20-10-10,12.194101338791667
21-10-10,12.217535717554165
22-10-10,12.177269048716667
23-10-10,14.706403031220832
24-10-10,18.02360500175
25-10-10,23.025671220645837
26-10-10,14.0640705139375
27-10-10,12.952620072608333
28-10-10,12.748396790975
29-10-10,51.27399373830834
30-10-10,77.66133731035832
31-10-10,127.48106722842083
01-11-10,73.22453808240833
02-11-10,37.857718309487495
03-11-10,31.765231763716667
04-11-10,28.025787754616662
05-11-10,24.76862243989167
06-11-10,23.303108000766667
07-11-10,26.026557807125
08-11-10,44.84324683416249
09-11-10,103.28828648803751
10-11-10,77.60542801318333
11-11-10,45.592637210274994
12-11-10,43.82500388195833
13-11-10,37.87476623460417
14-11-10,124.47917177885834
15-11-10,74.21324325666667
16-11-10,54.43854259834583
17-11-10,91.04417606635
18-11-10,69.17978874350833
19-11-10,79.19857601233333
20-11-10,154.60115077075
21-11-10,116.45811018918334
22-11-10,81.59436909710416
23-11-10,61.433987235829164
24-11-10,52.7327382698
25-11-10,48.82430905205417
26-11-10,46.43615916554166
27-11-10,43.84512060172083
28-11-10,45.1279398577625
29-11-10,43.35884365799166
30-11-10,72.09357585271249
01-12-10,51.3654776671
02-12-10,48.802136262599994
03-12-10,49.656255855062504
04-12-10,41.70204873474583
05-12-10,87.32876073929167
06-12-10,139.65679230770834
07-12-10,104.93027122404584
08-12-10,185.102896577125
09-12-10,76.42595880212083
10-12-10,58.16698639012916
11-12-10,49.703703279075
12-12-10,46.38737791957084
13-12-10,44.29733354085416
14-12-10,41.941571133658336
15-12-10,39.026718152183335
16-12-10,36.928920867725
17-12-10,38.87621801135
18-12-10,39.879884952875
19-12-10,36.2539759831125
20-12-10,43.25414789025833
21-12-10,79.57388796632917
22-12-10,105.56021859954585
23-12-10,83.49540789489167
24-12-10,52.40678308027916
25-12-10,43.31163357278749
26-12-10,39.00202662725417
27-12-10,37.55487348263333
28-12-10,47.29656302754167
29-12-10,50.9907007177625
30-12-10,41.118116243416665
31-12-10,43.72588141453334
01-01-11,35.6064272766375
02-01-11,33.4119224247375
03-01-11,33.739110556295834
04-01-11,66.96468127630418
05-01-11,126.88723392216666
06-01-11,194.39610237854166
07-01-11,141.12309769695833
08-01-11,164.6251016425
09-01-11,124.48800031961667
10-01-11,73.07719548369165
11-01-11,71.75988134443332
12-01-11,59.88769198202917
13-01-11,52.66815184157084
14-01-11,48.58134517715416
15-01-11,46.131086226004165
16-01-11,45.7737693810625
17-01-11,72.06360342814583
18-01-11,63.13358402569583
19-01-11,79.28700079652083
20-01-11,49.13905366804584
21-01-11,42.406003749070834
22-01-11,38.31763958851666
23-01-11,36.10139588006667
24-01-11,34.33180693659167
25-01-11,32.95913504507083
26-01-11,32.580065958825
27-01-11,40.104430403875
28-01-11,37.782175130279164
29-01-11,38.52336825612917
30-01-11,38.44617999046667
31-01-11,32.084888245754165
01-02-11,30.15721528801667
02-02-11,27.5908152551625
03-02-11,26.4006738221125
04-02-11,25.983522804925002
05-02-11,24.889011682974996
06-02-11,23.58826848552083
07-02-11,22.376761426995838
08-02-11,21.7538031139875
09-02-11,24.711639034595834
10-02-11,21.964617739999998
11-02-11,24.509726804425
12-02-11,40.45559472866666
13-02-11,53.722553175483334
14-02-11,59.8750417085375
15-02-11,85.48963672703333
16-02-11,112.19925620225001
17-02-11,86.75548894765001
18-02-11,58.385330008625
19-02-11,61.364741368241674
20-02-11,51.23410084856666
21-02-11,65.6212606998875
22-02-11,56.7243472310125
23-02-11,40.692999010758335
24-02-11,33.16385121171666
25-02-11,29.519067219062503
26-02-11,28.988245259716667
27-02-11,28.993851268283336
28-02-11,27.0640890298875
01-03-11,26.632314008304167
02-03-11,25.664490382950003
03-03-11,25.321356101908332
04-03-11,23.5545770092375
05-03-11,23.456069878079166
06-03-11,21.352028695170834
07-03-11,20.068434476004168
08-03-11,19.093414268633335
09-03-11,18.619058102654165
10-03-11,18.255182121866667
11-03-11,17.369020147608335
12-03-11,27.614239801220833
13-03-11,47.12796735776251
14-03-11,45.08431373658333
15-03-11,58.13332955930833
16-03-11,54.20651670835
17-03-11,34.0872480455375
18-03-11,25.21221258872917
19-03-11,20.999635029195833
20-03-11,18.598386913741667
21-03-11,16.766046577266668
22-03-11,15.384103379654169
23-03-11,16.207449220095835
24-03-11,16.835191370304166
25-03-11,27.5594887415625
26-03-11,36.35949599444584
27-03-11,80.31191812241251
28-03-11,58.70463039702084
29-03-11,45.08229490090833
30-03-11,58.69552990417916
31-03-11,32.19376817120416
01-04-11,22.453665845883336
02-04-11,19.5440819872625
03-04-11,22.167062576420832
04-04-11,21.173543300191664
05-04-11,17.110592389575
06-04-11,14.669132630729166
07-04-11,13.016456675662502
08-04-11,12.848548243662501
09-04-11,12.2662507369625
10-04-11,14.230633827629168
11-04-11,14.949985769616665
12-04-11,13.222127449370833
13-04-11,11.87855123828333
14-04-11,10.988567089325
15-04-11,10.303761501655833
16-04-11,9.831876823034584
17-04-11,9.40801827956375
18-04-11,13.144497275520417
19-04-11,54.14157386166667
20-04-11,57.830726712370826
21-04-11,49.884548991299994
22-04-11,45.77022038502084
23-04-11,50.3939176362375
24-04-11,33.31141859096667
25-04-11,21.811462821891666
26-04-11,17.296428448516664
27-04-11,14.314102223537502
28-04-11,12.382711307445833
29-04-11,12.467735189029169
30-04-11,17.555325262387502
01-05-11,31.428699587954167
02-05-11,39.407670187516665
03-05-11,31.026759873754163
04-05-11,19.786133873054165
05-05-11,18.217617568975
06-05-11,18.075769780125
07-05-11,37.124557777666666
08-05-11,44.950433129479165
09-05-11,23.983477773145836
10-05-11,16.409074524683334
11-05-11,13.96437715025
12-05-11,13.340476692249998
13-05-11,13.711322849745834
14-05-11,14.209750500375
15-05-11,11.5594122554625
16-05-11,9.877388196051667
17-05-11,9.212989670002083
18-05-11,10.737401456277084
19-05-11,11.107142560408334
20-05-11,10.671992348779165
21-05-11,11.360868229033334
22-05-11,10.52732136530375
23-05-11,8.766603950594167
24-05-11,7.955752636739583
25-05-11,7.483121584762084
26-05-11,8.974961220889583
27-05-11,8.859070608983334
28-05-11,7.721912380614583
29-05-11,12.610539771584584
30-05-11,50.186009761875
31-05-11,24.1330590419375
01-06-11,12.917836236187503
02-06-11,8.996744389711667
03-06-11,7.402815190268334
04-06-11,6.677842379254584
05-06-11,6.542636363217916
06-06-11,9.887332257841667
07-06-11,14.345610616945834
08-06-11,12.068731931079169
09-06-11,11.048812731970834
10-06-11,10.30894598253
11-06-11,9.231804635410418
12-06-11,7.439482758067499
13-06-11,7.754008439787917
14-06-11,8.841196235624167
15-06-11,7.7685561694875
16-06-11,7.7576315680466665
17-06-11,8.360061780200416
18-06-11,11.506466213114999
19-06-11,8.031838229790834
20-06-11,5.56542056772125
21-06-11,4.76340749616
22-06-11,5.080704999997083
23-06-11,5.3016492182237505
24-06-11,5.1523550272475
25-06-11,4.189983517972917
26-06-11,3.4604803072237496
27-06-11,3.7616728625887497
28-06-11,4.3354285076045835
29-06-11,4.55886524754375
30-06-11,3.7454249421195827
01-07-11,3.0476680257291666
02-07-11,2.814619448189583
03-07-11,2.964552617810417
04-07-11,3.17389756488625
05-07-11,3.2810372659379166
06-07-11,4.094499087911667
07-07-11,4.604649982873334
08-07-11,5.8374925686941666
09-07-11,12.516854346617917
10-07-11,13.92395292040375
11-07-11,7.473741424702918
12-07-11,6.940199791908333
13-07-11,8.406532148469582
14-07-11,6.5212006349891665
15-07-11,5.4827332760262495
16-07-11,4.610514598417083
17-07-11,8.664709502986668
18-07-11,7.657393594246667
19-07-11,14.262204842562499
20-07-11,8.900102554379167
21-07-11,7.1681227126266664
22-07-11,5.819441208599582
23-07-11,4.290905744028334
24-07-11,3.1796252110275005
25-07-11,3.063167430462917
26-07-11,3.5954238539850003
27-07-11,3.2092084598220834
28-07-11,2.4315104560708334
29-07-11,1.8645131698283333
30-07-11,1.6838816032733332
31-07-11,1.6981785937008336
01-08-11,1.7345721814016668
02-08-11,1.87498118924
03-08-11,2.6498156409879168
04-08-11,2.5469476914304168
05-08-11,3.1152046911775
06-08-11,5.788314756078333
07-08-11,7.637640293457917
08-08-11,4.729180762689583
09-08-11,3.229615244848333
10-08-11,2.179746526162917
11-08-11,1.6553772236525
12-08-11,1.3746445160783332
13-08-11,1.3262211434570832
14-08-11,1.5143139054125
15-08-11,3.2708439852825
16-08-11,2.9240773015049997
17-08-11,1.9316371661695835
18-08-11,1.6600652031020833
19-08-11,1.5948704073379167
20-08-11,1.5849279581212496
21-08-11,1.6550515768387501
22-08-11,8.748689070855834
23-08-11,9.165877030019583
24-08-11,6.783853692288333
25-08-11,4.89411722681
26-08-11,8.5579112997175
27-08-11,7.2020851658325
28-08-11,4.368102180725
29-08-11,2.8607442031495833
30-08-11,2.5359508772704165
31-08-11,7.47680109154875
01-09-11,11.923006312530001
02-09-11,10.145847832712084
03-09-11,7.863015610380001
04-09-11,12.853233207977498
05-09-11,9.800343129809583
06-09-11,6.462924951210834
07-09-11,4.216756207249166
08-09-11,3.178946348623333
09-09-11,3.104786920815416
10-09-11,2.9707446138575
11-09-11,4.347252900118334
12-09-11,7.026499302256667
13-09-11,4.956495070567083
14-09-11,3.6535820168241666
15-09-11,2.860583719577917
16-09-11,2.458352504120833
17-09-11,3.48736965440625
18-09-11,3.61820445877375
19-09-11,3.6980293240399997
20-09-11,3.1759189879070835
21-09-11,2.46387717482
22-09-11,2.2307646249795834
23-09-11,2.1995430321858334
24-09-11,2.5084056600683335
25-09-11,2.56337484241125
26-09-11,2.249530194195833
27-09-11,2.2052859999079164
28-09-11,2.5487295699645833
29-09-11,3.4242844259370835
30-09-11,2.6548348777700004
01-10-11,1.9131934007579166
02-10-11,1.5048692703758337
03-10-11,1.2089102016591668
04-10-11,1.20590066883
05-10-11,1.369020592824583
06-10-11,1.4186203900879166
07-10-11,1.6181181342266668
08-10-11,1.7207582550325
09-10-11,1.9189337752287499
10-10-11,1.8619915603850001
11-10-11,1.99328514114
12-10-11,1.7396701772699998
13-10-11,1.8044156686783335
14-10-11,1.6646563385245834
15-10-11,1.5895218894037502
16-10-11,1.590545469105
17-10-11,1.6569714292541668
18-10-11,1.8793137275587501
19-10-11,2.1024735702024997
20-10-11,2.733625085275834
21-10-11,2.3363195522004165
22-10-11,1.8522459164970835
23-10-11,6.621402775659166
24-10-11,88.07711265692501
25-10-11,43.70164050160417
26-10-11,58.663225210458336
27-10-11,97.8067294567375
28-10-11,37.35187927845
29-10-11,23.458348194183333
30-10-11,17.5956979713
31-10-11,16.902334872445834
01-11-11,32.32367047126667
02-11-11,25.670324917879167
03-11-11,42.985565741475
04-11-11,25.060766716104165
05-11-11,23.043850851649996
06-11-11,24.82009105692917
07-11-11,17.745601930787497
08-11-11,18.058796593233335
09-11-11,28.354400011845836
10-11-11,23.845507462866664
11-11-11,62.43447499719167
12-11-11,36.0953835922375
13-11-11,19.888273247508334
14-11-11,22.809953789504164
15-11-11,35.702271281595834
16-11-11,62.448632318883334
17-11-11,33.968286330512505
18-11-11,27.423421885312496
19-11-11,51.78354380001667
20-11-11,37.988925711525
21-11-11,36.87527750285
22-11-11,50.49285852518333
23-11-11,31.62548853592917
24-11-11,27.39367375349167
25-11-11,24.758481167375
26-11-11,23.676779250329165
27-11-11,23.216137586233334
28-11-11,22.946973157504164
29-11-11,22.884557320983333
30-11-11,31.879136607970832
01-12-11,26.494806777691668
02-12-11,68.62247085285416
03-12-11,34.09764940695417
04-12-11,31.162599519141665
05-12-11,39.6346131064875
06-12-11,39.426523491654166
07-12-11,29.853643898025002
08-12-11,28.048084415091665
09-12-11,26.905309838029165
10-12-11,43.756626493245825
11-12-11,33.6072943704375
12-12-11,32.61179111820833
13-12-11,40.316452497804164
14-12-11,54.73708765284584
15-12-11,43.927433545395836
16-12-11,62.0539092342
17-12-11,50.14181305370416
18-12-11,38.35461449848333
19-12-11,32.4002999135125
20-12-11,30.0081904825
21-12-11,30.700034982883334
22-12-11,27.644899119887498
23-12-11,25.829039506695835
24-12-11,25.380748000345832
25-12-11,23.603665129154166
26-12-11,22.727897646712496
27-12-11,21.936868775666664
28-12-11,21.617083517666668
29-12-11,21.9425936391375
30-12-11,20.544350063866666
31-12-11,21.311111752620832
01-01-12,26.539936782300003
02-01-12,67.07387605815833
03-01-12,32.114816855391666
04-01-12,30.266910580462497
05-01-12,27.373943524970837
06-01-12,24.91230297257917
07-01-12,22.987983364654166
08-01-12,21.215475750045833
09-01-12,20.015457168833333
10-01-12,19.2218883451125
11-01-12,18.589341974095834
12-01-12,18.1862643706
13-01-12,17.7810027974
14-01-12,17.707616368945835
15-01-12,28.671062980279164
16-01-12,28.27835906212083
17-01-12,20.314763576754167
18-01-12,18.564648301808333
19-01-12,18.19763102967917
20-01-12,17.555357205025
21-01-12,17.216257781158333
22-01-12,16.51931519407083
23-01-12,15.801148540900002
24-01-12,15.504429616270833
25-01-12,14.550913604591665
26-01-12,17.440410656625
27-01-12,18.121999956775003
28-01-12,14.982372557066668
29-01-12,13.807764787804166
30-01-12,13.126138300591668
31-01-12,13.041984339049998
01-02-12,15.777925469641666
02-02-12,17.752784208666665
03-02-12,13.076237731833332
04-02-12,11.975655897120832
05-02-12,12.522164077100001
06-02-12,16.859146131758333
07-02-12,15.152453508675
08-02-12,13.758264751404164
09-02-12,12.139255412783333
10-02-12,11.609974407720834
11-02-12,10.757581515304167
12-02-12,9.815963355718333
13-02-12,9.380931498071666
14-02-12,10.625992272699166
15-02-12,11.805611354358334
16-02-12,10.046345374642916
17-02-12,9.046895684990835
18-02-12,8.7919579687175
19-02-12,9.088145086942916
20-02-12,9.669056311117501
21-02-12,8.486681431357502
22-02-12,7.895589422385417
23-02-12,7.628216407413749
24-02-12,6.983733104730834
25-02-12,6.655510306656666
26-02-12,6.783064204151667
27-02-12,6.8866478903725
28-02-12,6.540171497494167
29-02-12,6.1948352195825
01-03-12,6.486219740545
02-03-12,6.9190506818804165
03-03-12,8.229964372367084
04-03-12,11.649775871193748
05-03-12,10.98458306977375
06-03-12,7.609894414932916
07-03-12,6.957454063240834
08-03-12,7.180213994350001
09-03-12,5.813914228900834
10-03-12,4.7062741480725
11-03-12,4.0632448583895835
12-03-12,3.984322289425416
13-03-12,4.0031206244379165
14-03-12,3.9816991936375
15-03-12,3.941537651025
16-03-12,3.989687249603333
17-03-12,8.418782472652083
18-03-12,21.5773939251625
19-03-12,15.697939523970833
20-03-12,8.5941559640225
21-03-12,6.096752589854167
22-03-12,5.073033788103333
23-03-12,4.3844040156008335
24-03-12,3.425550706255
25-03-12,2.991594734330833
26-03-12,2.8078746691741667
27-03-12,2.6474715186383335
28-03-12,2.5747429501633334
29-03-12,2.262627935160417
30-03-12,2.115689312145
31-03-12,2.1220699244666665
01-04-12,2.3179708281091664
02-04-12,2.4443049787633333
03-04-12,2.7376736120112497
04-04-12,3.1971169881337502
05-04-12,4.985874453597083
06-04-12,9.610409881433334
07-04-12,18.48611472096667
08-04-12,11.597184956086666
09-04-12,6.498474004159999
10-04-12,10.78836593399
11-04-12,21.238591104574997
12-04-12,24.391230554220837
13-04-12,18.192395385450002
14-04-12,44.062472772841666
15-04-12,36.96977135995
16-04-12,24.581442078733332
17-04-12,14.949754178008334
18-04-12,43.6824130078875
19-04-12,66.19068488054167
20-04-12,42.89268201108334
21-04-12,37.2544326777375
22-04-12,25.84024564128333
23-04-12,23.336190394858335
24-04-12,24.575419865866667
25-04-12,49.074169114712504
26-04-12,45.281658820025
27-04-12,33.1594462679625
28-04-12,30.397995870966668
29-04-12,28.61112485400417
30-04-12,25.2478313683125
01-05-12,26.439843676879168
02-05-12,25.84338271321667
03-05-12,38.2095291254125
04-05-12,46.1365136852125
05-05-12,52.95559494880833
06-05-12,45.47658956481249
07-05-12,35.4550576150375
08-05-12,58.91049210375001
09-05-12,46.330531290125
10-05-12,25.656076806399998
11-05-12,20.145234514416668
12-05-12,19.35461438127083
13-05-12,16.88220830525
14-05-12,16.461163035437497
15-05-12,16.334730487012497
16-05-12,14.131835384795835
17-05-12,12.668832865937501
18-05-12,14.437558912154167
19-05-12,22.776095157308333
20-05-12,29.621006930441666
21-05-12,27.069527381316664
22-05-12,22.356756014912502
23-05-12,17.87106222089167
24-05-12,13.144923078895834
25-05-12,12.271584089016665
26-05-12,15.639653607258333
27-05-12,17.544701335216665
28-05-12,16.453732279254165
29-05-12,12.8281950031125
30-05-12,11.702429244708332
31-05-12,10.049212159475834
01-06-12,8.75098623762125
02-06-12,15.297946318032919
03-06-12,17.9225463034125
04-06-12,12.039756872745834
05-06-12,10.9227555716375
06-06-12,14.867094146625
07-06-12,28.959511305654164
08-06-12,24.493362471212503
09-06-12,16.915967974954167
10-06-12,23.280041996250002
11-06-12,25.043487707975
12-06-12,34.401040744075
13-06-12,21.325390749420833
14-06-12,14.461964977612501
15-06-12,14.787923148983333
16-06-12,42.007234092375
17-06-12,30.526662284725003
18-06-12,37.86946551125833
19-06-12,21.30347342004583
20-06-12,18.777245728458336
21-06-12,37.890201314854174
22-06-12,20.48827204133333
23-06-12,14.265948288679164
24-06-12,11.155955534450001
25-06-12,9.617784831295
26-06-12,8.518632530510834
27-06-12,7.682873580664584
28-06-12,7.6850482034895835
29-06-12,9.31558525638375
30-06-12,13.58289113856125
01-07-12,18.612710861874998
02-07-12,11.221971306733336
03-07-12,10.570228459525
04-07-12,12.180250450166668
05-07-12,14.85901925315
06-07-12,17.577441898470834
07-07-12,19.303990972349997
08-07-12,19.2739838658625
09-07-12,14.143801910570835
10-07-12,12.401752544604165
11-07-12,11.867006288129167
12-07-12,9.51899283879375
13-07-12,9.398296407911252
14-07-12,14.977824999874999
15-07-12,12.337325926399998
16-07-12,8.71683638946125
17-07-12,6.153889746217082
18-07-12,4.887601943463333
19-07-12,4.831433712187083
20-07-12,5.134239200063333
21-07-12,5.060739985259583
22-07-12,4.6831484923775
23-07-12,4.265158869180417
24-07-12,3.912617175917083
25-07-12,3.7918010007212497
26-07-12,4.991260019825
27-07-12,10.034512983180418
28-07-12,9.281083101525
29-07-12,7.619857222262083
30-07-12,5.72197284337625
31-07-12,4.5280095618225
01-08-12,4.223616810950417
02-08-12,5.501671109491666
03-08-12,4.9561823203358335
04-08-12,4.390126672396667
05-08-12,9.53151006839375
06-08-12,9.12368642726125
07-08-12,6.9136922076883325
08-08-12,4.862958877670416
09-08-12,3.5679393095254164
10-08-12,2.995005980545417
11-08-12,2.7424215584704164
12-08-12,3.10283530816375
13-08-12,3.7074724033962503
14-08-12,20.06148581959
15-08-12,54.12820827997499
16-08-12,20.1451131789
17-08-12,10.754041839772915
18-08-12,7.299827375222502
19-08-12,5.9481299985325
20-08-12,5.923784017947916
21-08-12,5.9395466265225
22-08-12,5.25686477156375
23-08-12,5.120780736245
24-08-12,8.82256976974375
25-08-12,13.854186186575
26-08-12,9.18034648789625
27-08-12,6.30063626284375
28-08-12,6.1056182900366665
29-08-12,5.930987044608333
30-08-12,5.2638564784924995
31-08-12,4.797667809168334
01-09-12,3.907375179414583
02-09-12,3.2167085628666663
03-09-12,2.7739399625770833
04-09-12,2.5746511176541667
05-09-12,2.6812245783599997
06-09-12,2.699564401104167
07-09-12,2.5158876621004165
08-09-12,2.477868071779167
09-09-12,2.759592455612083
10-09-12,3.4565671791687502
11-09-12,3.6842655537270836
12-09-12,4.697098321683334
13-09-12,4.164043915848333
14-09-12,3.451308924173334
15-09-12,2.872871662792916
16-09-12,2.45236914558
17-09-12,2.38158766680625
18-09-12,3.5388114481487496
19-09-12,3.913327711770833
20-09-12,3.0670922819362496
21-09-12,2.6346156485983334
22-09-12,3.199528578880417
23-09-12,7.063228446628751
24-09-12,22.635416550620835
25-09-12,28.756378720733334
26-09-12,35.08603443093333
27-09-12,22.345963948154164
28-09-12,12.124044270470833
29-09-12,9.008744205971666
30-09-12,7.208902605069583
01-10-12,6.18787963085375
02-10-12,6.169804643213332
03-10-12,8.372851357156668
04-10-12,7.281716659231666
05-10-12,5.6763804908737505
06-10-12,4.956310470543333
07-10-12,6.954168143544583
08-10-12,6.494130801249167
09-10-12,8.18412575679875
10-10-12,12.5078642241875
11-10-12,27.02173723204167
12-10-12,21.35628517972917
13-10-12,12.763354919575
14-10-12,20.896687534208333
15-10-12,17.815925073208334
16-10-12,28.843298697875
17-10-12,84.77614244669167
18-10-12,52.52666527573749
19-10-12,28.883120092420835
20-10-12,21.663192064562498
21-10-12,16.901433201266666
22-10-12,14.797579216887499
23-10-12,15.086195608733334
24-10-12,14.943350649570833
25-10-12,21.929507372308336
26-10-12,18.643052034645834
27-10-12,18.5409039338625
28-10-12,14.752126102637499
29-10-12,12.639732541208332
30-10-12,21.81396725364584
31-10-12,17.680801469983333
01-11-12,26.868303667958333
02-11-12,32.0328213465375
03-11-12,52.85875381660833
04-11-12,35.8061723655375
05-11-12,28.91911060849583
06-11-12,27.74471953162917
07-11-12,20.024668416154167
08-11-12,30.014761175766665
09-11-12,32.02857620166667
10-11-12,36.4334804597
11-11-12,41.836018599125
12-11-12,29.884411208945835
13-11-12,22.694180377712502
14-11-12,19.9993589866625
15-11-12,18.263319151720832
16-11-12,26.518490362566666
17-11-12,45.43309271050416
18-11-12,39.88188759132083
19-11-12,25.206545129900004
20-11-12,22.773243787108328
21-11-12,58.235700784879164
22-11-12,29.324761593933335
23-11-12,23.710932488445835
24-11-12,29.642097012725
25-11-12,28.137813926620833
26-11-12,30.204653951775
27-11-12,39.13107086200417
28-11-12,37.82469663385417
29-11-12,34.77550247825834
30-11-12,40.69678781476667
01-12-12,33.330608941475
02-12-12,26.619333796266663
03-12-12,24.359173782841665
04-12-12,51.0846552332875
05-12-12,36.414017482554165
06-12-12,46.02966159145
07-12-12,63.63200351437084
08-12-12,34.404126632916665
09-12-12,28.693125561879167
10-12-12,26.4090698891
11-12-12,25.326268969387502
12-12-12,24.299889149975
13-12-12,48.467807486541666
14-12-12,244.7450288480833
15-12-12,128.32063298185832
16-12-12,127.62220050784583
17-12-12,87.02289582832502
18-12-12,75.00459046455417
19-12-12,60.95553687524583
20-12-12,113.92902295360834
21-12-12,83.57047556825835
22-12-12,55.39994334003333
23-12-12,47.05526980857917
24-12-12,52.978474530808334
25-12-12,89.33780580067916
26-12-12,57.3916472814625
27-12-12,49.09987334512084
28-12-12,45.275819683129164
29-12-12,71.87535957787917
30-12-12,59.17030321757917
31-12-12,78.91835213804585
01-01-13,97.18524519714167
02-01-13,52.60620781820834
03-01-13,46.14418170156667
04-01-13,42.071119433508336
05-01-13,39.44200882222916
06-01-13,37.7122618832875
07-01-13,36.2747109389
08-01-13,35.23274627515
09-01-13,49.35447813356251
10-01-13,46.363912399899995
11-01-13,38.73221691867084
12-01-13,51.150654808175
13-01-13,63.3564075603125
14-01-13,47.05013895683751
15-01-13,42.931464742241666
16-01-13,101.13353333032501
17-01-13,71.0921534528
18-01-13,197.69842167529168
19-01-13,261.7378555924583
20-01-13,124.067416117875
21-01-13,100.4555340668375
22-01-13,117.2467398312125
23-01-13,95.96911446301668
24-01-13,79.5411694692
25-01-13,81.21398862267499
26-01-13,70.99478282539167
27-01-13,116.49816905817916
28-01-13,81.44758564865
29-01-13,59.290704526025
30-01-13,59.67345959426667
31-01-13,70.22574263538333
01-02-13,93.64547790580417
02-02-13,119.99359079380001
03-02-13,65.880134360025
04-02-13,56.656112621775
05-02-13,53.310036904216666
06-02-13,67.59348517214583
07-02-13,55.580342576437495
08-02-13,49.02167996046251
09-02-13,43.9127548169125
10-02-13,89.18350112544168
11-02-13,96.17486613685833
12-02-13,77.35333278506666
13-02-13,58.67757399285
14-02-13,47.910152718425
15-02-13,42.94993384800417
16-02-13,39.26784615252084
17-02-13,44.842322281612496
18-02-13,47.27211463115
19-02-13,41.71622939503334
20-02-13,40.79018746323751
21-02-13,49.02055631653334
22-02-13,59.182478604945835
23-02-13,56.72233656336249
24-02-13,39.32520917337084
25-02-13,36.66906471164167
26-02-13,33.698468882583335
27-02-13,35.76455475209583
28-02-13,31.090513950308335
01-03-13,28.441869878733332
02-03-13,26.916894216208334
03-03-13,25.404894025966666
04-03-13,23.651581417124998
05-03-13,23.467386814929167
06-03-13,37.3034412327625
07-03-13,78.1728561174375
08-03-13,64.02437156824168
09-03-13,56.734957998954165
10-03-13,89.80941305510834
11-03-13,99.81176404611666
12-03-13,107.33924301333751
13-03-13,62.950176706216666
14-03-13,47.854513185983336
15-03-13,41.66654220383334
16-03-13,40.80089939732917
17-03-13,52.19263513340834
18-03-13,42.16221568457083
19-03-13,41.29812939919583
20-03-13,37.69901717290417
21-03-13,32.66929752192917
22-03-13,58.3316333075
23-03-13,57.03833098775001
24-03-13,66.94633489093751
25-03-13,149.94149267857918
26-03-13,122.798648015325
27-03-13,157.446020798125
28-03-13,102.09501855223334
29-03-13,149.20547804766667
30-03-13,102.23012269614999
31-03-13,80.6025133183125
01-04-13,118.10015885416665
02-04-13,86.69488126828749
03-04-13,67.2672366589875
04-04-13,69.03648206914583
05-04-13,55.285618526579164
06-04-13,49.10105573272917
07-04-13,53.14074710172917
08-04-13,75.85488896011249
09-04-13,89.32405181241666
10-04-13,65.19754476197916
11-04-13,235.0302325954167
12-04-13,139.4670024539375
13-04-13,74.26329745254166
14-04-13,56.50130508839167
15-04-13,55.535352713679174
16-04-13,44.88651343920833
17-04-13,39.46374236635
18-04-13,38.78027951262917
19-04-13,36.3131033449125
20-04-13,31.78668856505
21-04-13,30.482204045604163
22-04-13,28.942996201058335
23-04-13,28.257527155170834
24-04-13,25.833253741529166
25-04-13,25.109319546404166
26-04-13,24.862941494175004
27-04-13,30.34997974035417
28-04-13,34.982808690745834
29-04-13,27.068879800891665
30-04-13,27.372929595129165
01-05-13,34.540531272524994
02-05-13,27.221708053470834
03-05-13,20.582191742895834
04-05-13,17.8570456085
05-05-13,16.649293176525
06-05-13,21.22430084617083
07-05-13,38.20833870677083
08-05-13,28.705099847270834
09-05-13,29.468670684675
10-05-13,24.584568213383335
11-05-13,18.220634291925
12-05-13,17.931545618025
13-05-13,15.090534812508333
14-05-13,14.365034557025
15-05-13,31.034437165020837
16-05-13,35.760909685674996
17-05-13,55.647783628520834
18-05-13,62.87015212628751
19-05-13,49.7069476467375
20-05-13,38.37344490221667
21-05-13,22.688494622449998
22-05-13,20.350022691883332
23-05-13,17.663614159829166
24-05-13,16.140277123849998
25-05-13,14.301273083637502
26-05-13,13.9888102816375
27-05-13,15.776808905874999
28-05-13,23.11713500955
29-05-13,29.983563742745833
30-05-13,30.024246157320835
31-05-13,19.726243363304167
01-06-13,15.8588731598375
02-06-13,15.580294266962499
03-06-13,11.8469708135625
04-06-13,10.133254872897083
05-06-13,9.433608867654167
06-06-13,9.91815130910875
07-06-13,17.75794590980833
08-06-13,28.628103721129165
09-06-13,22.9355201523375
10-06-13,19.378031979245833
11-06-13,20.261615191120836
12-06-13,15.820580141316668
13-06-13,21.772424775691672
14-06-13,18.647087431445836
15-06-13,11.336093291431666
16-06-13,11.534432036596248
17-06-13,51.62565370191667
18-06-13,35.96716776317083
19-06-13,34.92734984822916
20-06-13,24.006542629970834
21-06-13,25.73841503484167
22-06-13,17.4107908593625
23-06-13,15.061336905679164
24-06-13,11.407295246741667
25-06-13,9.260688271338749
26-06-13,8.154792246738333
27-06-13,7.747095858247917
28-06-13,7.478228500247084
29-06-13,7.304767180604166
30-06-13,6.8287887999658325
01-07-13,6.289164010754583
02-07-13,7.539173708779999
03-07-13,7.7210810027425
04-07-13,6.701614349284167
05-07-13,5.681477710864168
06-07-13,4.895557915890417
07-07-13,4.684947569280417
08-07-13,4.366459067420833
09-07-13,4.163974223322501
10-07-13,4.316050724694167
11-07-13,4.306323125694167
12-07-13,4.254522623687084
13-07-13,4.657769136446251
14-07-13,5.021117415039583
15-07-13,4.446225279939167
16-07-13,4.27257281323875
17-07-13,4.220013419059583
18-07-13,3.6604171714487497
19-07-13,3.473040978868333
20-07-13,4.32224803251875
21-07-13,4.664430723554584
22-07-13,4.3910689698587495
23-07-13,4.245108475476667
24-07-13,3.765651721005417
25-07-13,4.125533352843751
26-07-13,5.0026001337883335
27-07-13,4.2619220940558336
28-07-13,6.104957454289999
29-07-13,10.87447850361375
30-07-13,7.0912537389575006
31-07-13,4.5958299768870825
01-08-13,3.2982680090950005
02-08-13,3.3863296509904166
03-08-13,4.281461973772917
04-08-13,3.7192249666124995
05-08-13,3.1278792668762496
06-08-13,3.376914446522084
07-08-13,6.51048277795
08-08-13,8.43966657335
09-08-13,5.055262558461667
10-08-13,3.300284201467084
11-08-13,2.4456088840820835
12-08-13,2.1195600452012497
13-08-13,2.2290181104975
14-08-13,2.34743169098875
15-08-13,2.3408324148
16-08-13,2.21367832135
17-08-13,2.181418162845833
18-08-13,2.2417853353650004
19-08-13,2.2102510491
20-08-13,2.010844914012083
21-08-13,1.8962793688958335
22-08-13,1.944170032040833
23-08-13,1.9069698962883332
24-08-13,1.8973432396570835
25-08-13,1.8731774490166666
26-08-13,2.3251934209395833
27-08-13,1.988951757020417
28-08-13,1.6058989420475
29-08-13,1.5472273079683332
30-08-13,1.5319961460608333
31-08-13,1.5780179451645833
01-09-13,1.7583662345562499
02-09-13,1.43397038492125
03-09-13,1.3768337465054163
04-09-13,1.6328118526966666
05-09-13,1.6661002155470832
06-09-13,1.9765400926508334
07-09-13,2.5492699196620836
08-09-13,2.4188838918641666
09-09-13,1.9146690668345834
10-09-13,1.6913235749220832
11-09-13,1.6825871080179169
12-09-13,1.5617212207333333
13-09-13,1.464864214393333
14-09-13,1.29546940569
15-09-13,1.585929956419583
16-09-13,1.6747743639141668
17-09-13,1.8240671252370835
18-09-13,1.8390777857491667
19-09-13,1.9480967992770832
20-09-13,1.9404435706983334
21-09-13,1.833054616602917
22-09-13,1.5016248827004166
23-09-13,1.2101602206229167
24-09-13,0.9631588246951667
25-09-13,1.83482009898625
26-09-13,2.97746181188375
27-09-13,3.26359200503625
28-09-13,10.934005984636668
29-09-13,14.303146689420833
30-09-13,11.490676337720833
01-10-13,36.444208700112505
02-10-13,18.18782984252083
03-10-13,40.21842155371667
04-10-13,21.78050367417917
05-10-13,14.3228865287875
06-10-13,10.031355073858334
07-10-13,7.43357520207
08-10-13,5.8699572980933326
09-10-13,4.973245359804584
10-10-13,4.333364235932083
11-10-13,3.98255998565625
12-10-13,3.7902198554008333
13-10-13,4.435941573075417
14-10-13,7.018521407440001
15-10-13,20.49997281444875
16-10-13,28.591644422591667
17-10-13,21.838834537041667
18-10-13,17.008988328616667
19-10-13,47.8334509480375
20-10-13,28.61352911803333
21-10-13,25.977593939629163
22-10-13,124.03244515056251
23-10-13,77.73722116673751
24-10-13,87.9474181665375
25-10-13,64.62912021769999
26-10-13,37.40569193942917
27-10-13,29.148480742433332
28-10-13,39.558637283025
29-10-13,36.061445026295836
30-10-13,27.158595466916665
31-10-13,22.306022155558335
01-11-13,27.0383277295
02-11-13,142.725555588425
03-11-13,70.4720646714875
04-11-13,111.62334380585416
05-11-13,81.53126614625417
06-11-13,60.08396755382916
07-11-13,48.4918710812375
08-11-13,90.70120744285417
09-11-13,68.21674131281249
10-11-13,65.903670791525
11-11-13,49.680682376750006
12-11-13,43.587546531887504
13-11-13,40.32982818460834
14-11-13,37.48382833649167
15-11-13,35.4622564716
16-11-13,36.3805348531875
17-11-13,33.90280148884167
18-11-13,34.340044428620836
19-11-13,41.846806695495836
20-11-13,36.05152486092917
21-11-13,33.77661851105417
22-11-13,35.26666355451667
23-11-13,30.17877945500833
24-11-13,28.32361404543333
25-11-13,27.104872435725003
26-11-13,25.546477793108334
27-11-13,24.483793695454168
28-11-13,23.70845463492917
29-11-13,23.37592270414167
30-11-13,23.239159490791668
01-12-13,22.984735827025002
02-12-13,21.76587348250833
03-12-13,21.445461093104168
04-12-13,20.969580993391666
05-12-13,20.370363561266668
06-12-13,20.075788301870833
07-12-13,19.61373304445
08-12-13,19.294901897633334
09-12-13,18.8561790166125
10-12-13,18.1009499216875
11-12-13,16.2960740780125
12-12-13,14.875730359929166
13-12-13,16.98372939465
14-12-13,20.700451536825
15-12-13,16.795269734583332
16-12-13,15.610763253579165
17-12-13,24.5088754156875
18-12-13,27.6704356753625
19-12-13,77.1590583409
20-12-13,45.7233172400625
21-12-13,27.09895850295833
22-12-13,24.621555919654167
23-12-13,23.3928613816625
24-12-13,158.49669918489582
25-12-13,109.80718179252919
26-12-13,68.09539691504166
27-12-13,67.63478919438333
28-12-13,116.97020674342501
29-12-13,68.1958521573125
30-12-13,52.42477275494584
31-12-13,70.87559162497917
01-01-14,108.66086893912082
02-01-14,113.02008577602915
03-01-14,101.65638397961668
04-01-14,149.5300187273375
05-01-14,106.38831265131667
06-01-14,169.53355548133752
07-01-14,105.48738221444167
08-01-14,135.84547378237917
09-01-14,132.89074776778332
10-01-14,79.2770004070875
11-01-14,67.6758241379625
12-01-14,69.11426760211249
13-01-14,83.79477472707083
14-01-14,137.85692126503332
15-01-14,97.76273583886666
16-01-14,150.40708280558331
17-01-14,105.19003056736251
18-01-14,95.14940707147083
19-01-14,119.60148354033333
20-01-14,92.13134737707917
21-01-14,79.64481243706668
22-01-14,91.49472012466667
23-01-14,73.44092086877083
24-01-14,61.23064583465416
25-01-14,65.014084236025
26-01-14,63.119925078687494
27-01-14,81.7794223386875
28-01-14,94.86610560911667
29-01-14,103.79844113689585
30-01-14,95.68406233437084
31-01-14,108.95310353947501
01-02-14,167.26811945333333
02-02-14,94.03855101687502
03-02-14,137.6731511270667
04-02-14,178.6588244411
05-02-14,191.08357591391666
06-02-14,175.18657512329165
07-02-14,184.95477847083336
08-02-14,290.023892624625
09-02-14,202.415164924
10-02-14,224.0097254564583
11-02-14,175.50367278529166
12-02-14,121.12132107258333
13-02-14,136.48990854395834
14-02-14,157.6993058454875
15-02-14,177.29061000237502
16-02-14,108.95295801026667
17-02-14,92.72008956150417
18-02-14,83.59270062970417
19-02-14,73.2438750645375
20-02-14,88.38277207753333
21-02-14,82.52902891962084
22-02-14,79.23729358922917
23-02-14,58.464368573979165
24-02-14,61.407535997945836
25-02-14,97.59999945826667
26-02-14,89.53783372801247
27-02-14,84.000887353875
28-02-14,72.23106680655417
01-03-14,152.30957157663332
02-03-14,122.90083177464999
03-03-14,128.178823262
04-03-14,110.61953279555416
05-03-14,88.21331559452084
06-03-14,62.02755848029167
07-03-14,52.6918276670875
08-03-14,47.16995651888334
09-03-14,42.01948806701667
10-03-14,38.39387914528333
11-03-14,35.490181183879166
12-03-14,34.612349359470834
13-03-14,33.14422430629583
14-03-14,32.35715909586667
15-03-14,31.28229228978334
16-03-14,28.75571925312083
17-03-14,27.21779501276667
18-03-14,27.137899317549998
19-03-14,27.157275754779164
20-03-14,24.497286033070836
21-03-14,29.44231629264583
22-03-14,37.597223967
23-03-14,40.263424250825004
24-03-14,48.21777986974583
25-03-14,58.05194642813334
26-03-14,65.03566132738332
27-03-14,44.964318978116665
28-03-14,33.5877833228
29-03-14,35.165220629912504
30-03-14,33.7989055066125
31-03-14,67.29878539640833
01-04-14,90.14504820277917
02-04-14,68.47366542161667
03-04-14,47.71586313410833
04-04-14,51.21891940695833
05-04-14,44.16085156154167
06-04-14,36.42519626989583
07-04-14,33.974731420683334
08-04-14,36.52818250584583
09-04-14,25.852590099141665
10-04-14,26.240051432387503
11-04-14,29.641607704395835
12-04-14,22.7154312681125
13-04-14,20.676204951958333
14-04-14,18.903424274149998
15-04-14,20.951374062795832
16-04-14,29.775001433137504
17-04-14,21.978340238000005
18-04-14,18.605331584066665
19-04-14,31.517333610262497
20-04-14,37.0155873890125
21-04-14,41.35148376485417
22-04-14,34.053438622754165
23-04-14,51.538943282520826
24-04-14,43.320710626837496
25-04-14,55.74999352823334
26-04-14,64.870315344375
27-04-14,32.478020411495834
28-04-14,30.843928973116665
29-04-14,27.910034269691664
30-04-14,33.208151701325
01-05-14,28.190169935354167
02-05-14,21.73953892435
03-05-14,17.809021414345835
04-05-14,15.73847076497917
05-05-14,14.613142176741668
06-05-14,16.0606720879625
07-05-14,18.237218832058332
08-05-14,15.702523046333333
09-05-14,14.862074483116666
10-05-14,15.133123854708336
11-05-14,17.49289139222083
12-05-14,13.785221321666668
13-05-14,13.167376894383333
14-05-14,11.583529932141667
15-05-14,9.899199681272917
16-05-14,8.841050736822917
17-05-14,8.313646386842082
18-05-14,8.540128476452082
19-05-14,12.550634134675
20-05-14,27.045885450491667
21-05-14,45.59886744454167
22-05-14,50.00839892243334
23-05-14,55.833335084495836
24-05-14,31.03513368918333
25-05-14,24.330206044291668
26-05-14,21.59485684025833
27-05-14,20.742550727025
28-05-14,29.847525439295833
29-05-14,37.55448622875
30-05-14,35.581912496583335
31-05-14,22.075603592779164
01-06-14,16.96492579555417
02-06-14,12.892390757008334
03-06-14,11.906634858424999
04-06-14,13.291879131612498
05-06-14,13.039028939145835
06-06-14,30.67586289619167
07-06-14,36.2151524410875
08-06-14,22.629143773920834
09-06-14,25.1671106856125
10-06-14,21.480126371350007
11-06-14,13.064651819545832
12-06-14,10.19930021324875
13-06-14,9.126243361632499
14-06-14,8.622247242575833
15-06-14,7.647328769637082
16-06-14,7.116100902349584
17-06-14,6.94870590773375
18-06-14,6.67609882338625
19-06-14,6.730303465161249
20-06-14,16.515672085247083
21-06-14,43.534272941575004
22-06-14,38.77134360547917
23-06-14,44.124874806441674
24-06-14,47.51085558065834
25-06-14,29.345280306950002
26-06-14,20.84271288
27-06-14,17.47675666049167
28-06-14,30.990817832816663
29-06-14,27.587885608341665
30-06-14,20.205330833908334
01-07-14,21.881924313762497
02-07-14,26.407107740966666
03-07-14,17.04491828575833
04-07-14,13.120524808883333
05-07-14,14.999182806483333
06-07-14,51.754977980166665
07-07-14,25.989008933216667
08-07-14,20.434607898320834
09-07-14,17.344862755725
10-07-14,12.338861487966668
11-07-14,10.2472701166075
12-07-14,9.657533711575416
13-07-14,9.564197898405833
14-07-14,9.80058878897875
15-07-14,9.152113052472084
16-07-14,7.8939713636825
17-07-14,7.382748203774999
18-07-14,7.827487915340833
19-07-14,24.28604447660042
20-07-14,35.197832409475005
21-07-14,17.953279136441665
22-07-14,11.311995133618751
23-07-14,8.708823600488333
24-07-14,8.86584377618125
25-07-14,9.076416999959166
26-07-14,8.426511541007082
27-07-14,7.175258822303333
28-07-14,6.428916537007083
29-07-14,6.5467082827425
30-07-14,6.111349767815
31-07-14,5.498314717333334
01-08-14,5.998871369534584
02-08-14,10.599007772645416
03-08-14,18.287242757208332
04-08-14,11.896222008322502
05-08-14,7.855485173718333
06-08-14,6.913450156883333
07-08-14,7.88459322521625
08-08-14,23.53354838368625
09-08-14,42.8229614144
10-08-14,21.242159950445835
11-08-14,19.818755380020836
12-08-14,12.404414930320833
13-08-14,16.588297323783333
14-08-14,11.937115930745833
15-08-14,9.341930942312917
16-08-14,7.771919811602917
17-08-14,6.474376207430417
18-08-14,5.65764073409125
19-08-14,5.489438013761666
20-08-14,5.638638175435001
21-08-14,5.659647387939583
22-08-14,5.381897924420417
23-08-14,5.490443013511666
24-08-14,5.267539677706667
25-08-14,4.919297264104166
26-08-14,8.15172505114625
27-08-14,14.767452836983333
28-08-14,9.768275270152916
29-08-14,8.03049308171625
30-08-14,6.365665068849999
31-08-14,5.329632588574166
01-09-14,4.553652832899584
02-09-14,4.11602211892375
03-09-14,4.296630770765833
04-09-14,5.033102154339583
05-09-14,6.107487135967916
06-09-14,5.400829699297083
07-09-14,13.878401973385834
08-09-14,23.40696864420417
09-09-14,10.221648675430002
10-09-14,8.367412953808751
11-09-14,14.226329858929168
12-09-14,8.611192103790833
13-09-14,8.915471255245834
14-09-14,16.5518596910875
15-09-14,18.358562138883332
16-09-14,29.70757901129583
17-09-14,24.520262245658333
18-09-14,25.50828979217083
19-09-14,22.8152629687125
20-09-14,17.517083216429167
21-09-14,11.907139176708332
22-09-14,15.6028065867375
23-09-14,23.274393349525003
24-09-14,14.023027640270833
25-09-14,9.774044466069165
26-09-14,8.0517075983375
27-09-14,7.13576657153375
28-09-14,9.130754651447917
29-09-14,14.852802150679167
30-09-14,10.19310721404625
01-10-14,8.5466614350725
02-10-14,7.401386617890833
03-10-14,6.646598802642917
04-10-14,6.796051135042917
05-10-14,9.782741443677082
06-10-14,10.3773953077475
07-10-14,19.694290333450002
08-10-14,49.81842038548333
09-10-14,58.45543518498749
10-10-14,29.306486475183334
11-10-14,18.815652580879167
12-10-14,19.369630080970833
13-10-14,31.566498297220836
14-10-14,33.68959874368334
15-10-14,73.21307423873749
16-10-14,195.84441531463335
17-10-14,128.57784929944583
18-10-14,55.28752867281667
19-10-14,39.946709433320834
20-10-14,32.44893117154584
21-10-14,27.538984717154165
22-10-14,25.13411117885417
23-10-14,23.716408824975
24-10-14,23.594303708900004
25-10-14,23.223563160275003
26-10-14,21.108289120233334
27-10-14,20.504902980816667
28-10-14,24.070327294137503
29-10-14,24.668320502675
30-10-14,20.532044351941668
31-10-14,19.057826455566666
01-11-14,38.23837693055834
02-11-14,30.500877717112502
03-11-14,96.58232491556667
04-11-14,81.85581114277083
05-11-14,67.59447256012918
06-11-14,44.533689694004174
07-11-14,72.57619706339166
08-11-14,66.66259885424999
09-11-14,68.42766746084168
10-11-14,48.78969376095833
11-11-14,99.10830174109168
12-11-14,84.7150133002625
13-11-14,131.87702271462084
14-11-14,112.3139783707375
15-11-14,119.29303856493334
16-11-14,127.25547709658333
17-11-14,94.70812384347916
18-11-14,66.12829704971666
19-11-14,88.50270029065832
20-11-14,103.83320528899583
21-11-14,62.07445259647083
22-11-14,113.67454788870417
23-11-14,173.902383866125
24-11-14,85.1922567564125
25-11-14,68.35355954614583
26-11-14,62.225418530008334
27-11-14,54.79662543704583
28-11-14,78.54910228595
29-11-14,62.17097766602916
30-11-14,50.21543650588333
01-12-14,46.23841159736666
02-12-14,45.37574031258333
03-12-14,48.239160351808344
04-12-14,43.335166379433325
05-12-14,43.45799852269166
06-12-14,40.31340038533333
07-12-14,39.316878974283334
08-12-14,39.546056726958334
09-12-14,37.27579387638333
10-12-14,34.93593123034584
11-12-14,34.588670739049995
12-12-14,33.44804197315
13-12-14,112.55941824527501
14-12-14,74.20589913804584
15-12-14,44.216190590029164
16-12-14,58.32548438749999
17-12-14,44.89375016115833
18-12-14,38.41009563225416
19-12-14,35.697595145629165
20-12-14,34.211809966941665
21-12-14,32.7728815980875
22-12-14,30.760417171824997
23-12-14,29.63390578383333
24-12-14,29.238601436441666
25-12-14,28.33330470698333
26-12-14,27.666633790549998
27-12-14,27.777210594495838
28-12-14,38.74767497499166
29-12-14,28.467009229425003
30-12-14,24.935387586170833
31-12-14,24.061539883395834
01-01-15,23.58803571769583
02-01-15,22.88274324784167
03-01-15,22.448873317383335
04-01-15,21.925000631620833
05-01-15,21.555910867108334
06-01-15,21.166975621925
07-01-15,20.685324163725
08-01-15,20.67999452790833
09-01-15,21.027929902058332
10-01-15,19.616295107291666
11-01-15,24.042278839420835
12-01-15,21.293514936658333
13-01-15,37.3238379824375
14-01-15,37.021916416354166
15-01-15,86.2513418634375
16-01-15,69.0014313972625
17-01-15,43.56154936290417
18-01-15,59.723479703837505
19-01-15,49.82641758299167
20-01-15,52.425309318333326
21-01-15,58.49954916914584
22-01-15,56.574405438774996
23-01-15,39.13669329403751
24-01-15,31.33190857738333
25-01-15,28.516551866483336
26-01-15,26.172017555737497
27-01-15,25.46198276593333
28-01-15,26.313660021279162
29-01-15,39.915557685716664
30-01-15,110.52837970587082
31-01-15,123.30074833760834
01-02-15,76.06132895640417
02-02-15,99.92284136904168
03-02-15,91.34941433217917
04-02-15,70.08240048625417
05-02-15,55.29388137021667
06-02-15,60.412702838662504
07-02-15,45.2896126035875
08-02-15,39.030334239825
09-02-15,34.253839672625
10-02-15,32.354013937954164
11-02-15,31.75862850699583
12-02-15,41.4938671946375
13-02-15,47.23520359312499
14-02-15,49.104101956049995
15-02-15,78.7558441847875
16-02-15,49.85263669314583
17-02-15,50.234334860287504
18-02-15,34.67110197257083
19-02-15,31.393814350195836
20-02-15,42.16114774503334
21-02-15,67.8702896154625
22-02-15,38.347332264145834
23-02-15,67.26281687534167
24-02-15,66.59022856650834
25-02-15,44.06012019529583
26-02-15,41.8779819132125
27-02-15,42.95992857164583
28-02-15,45.3939072194625
01-03-15,47.090552433012505
02-03-15,100.86600397938332
03-03-15,90.89796954742917
04-03-15,54.60068669926667
05-03-15,37.632462930875
06-03-15,32.773235420887495
07-03-15,29.439391333116664
08-03-15,26.736901557041666
09-03-15,25.268882964308332
10-03-15,24.2803345308875
11-03-15,23.919286394729166
12-03-15,24.108747714270834
13-03-15,25.173207545329166
14-03-15,22.133929916366668
15-03-15,21.48828274085
16-03-15,21.358777040304165
17-03-15,19.935166715554164
18-03-15,19.20055625073333
19-03-15,18.454146529433334
20-03-15,17.96918830255417
21-03-15,16.6585399947625
22-03-15,16.499900809099998
23-03-15,17.136301300400003
24-03-15,23.082417187729167
25-03-15,18.146677298608335
26-03-15,23.19477664775
27-03-15,27.691057012558332
28-03-15,18.73632816039167
29-03-15,16.803896579629168
30-03-15,15.461964137762498
31-03-15,14.715596790574999
01-04-15,13.393614831720834
02-04-15,11.484654234691666
03-04-15,10.617189969833333
04-04-15,10.253774000743332
05-04-15,10.196073812502917
06-04-15,9.418260947364999
07-04-15,9.10420992664625
08-04-15,8.600654350462085
09-04-15,13.339251680430834
10-04-15,35.01366983367083
11-04-15,26.146051198200002
12-04-15,13.166822448333335
13-04-15,10.155865860588333
14-04-15,8.383528353593334
15-04-15,12.050310517382917
16-04-15,30.599593130329165
17-04-15,21.757093269008333
18-04-15,22.395519269762502
19-04-15,27.2089677676
20-04-15,17.780461517975002
21-04-15,12.912259017729168
22-04-15,23.121343547075
23-04-15,24.262412628062503
24-04-15,19.558815404433332
25-04-15,34.832462980883335
26-04-15,75.82106246431667
27-04-15,41.304344914954164
28-04-15,32.845877990495836
29-04-15,21.17077134869167
30-04-15,22.26145339559167
01-05-15,33.9489987686625
02-05-15,34.01359401116667
03-05-15,44.497342812379166
04-05-15,79.8247855497
05-05-15,65.25679573381666
06-05-15,32.938616468229164
07-05-15,26.75751631637083
08-05-15,30.639244883554166
09-05-15,24.2614392742
10-05-15,17.685587685829166
11-05-15,15.9351783023375
12-05-15,13.993712902608332
13-05-15,12.372145402475
14-05-15,14.664125927458334
15-05-15,15.634355879341667
16-05-15,13.871001511508334
17-05-15,11.807818198520835
18-05-15,10.878193286550001
19-05-15,11.5946244406125
20-05-15,13.4100173658
21-05-15,13.511380507983333
22-05-15,10.245993468290832
23-05-15,9.073447268694167
24-05-15,8.94543973668125
25-05-15,8.61264378395375
26-05-15,8.2552389278325
27-05-15,7.563307396832916
28-05-15,6.8921586256225
29-05-15,6.6009163012120835
30-05-15,6.650192983815416
31-05-15,7.725594599105833
01-06-15,10.574972115698333
02-06-15,8.8399718724125
03-06-15,6.66785828223125
04-06-15,5.75815262985125
05-06-15,5.716040390307917
06-06-15,5.797525156275834
07-06-15,5.518086146486667
08-06-15,5.513450001893751
09-06-15,5.320866075797917
10-06-15,5.664716993626667
11-06-15,6.214949100573333
12-06-15,5.952560330142501
13-06-15,6.585976045909582
14-06-15,16.825520484417083
15-06-15,17.005492116020836
16-06-15,9.199636530294166
17-06-15,6.211666841446667
18-06-15,4.528641257438333
19-06-15,3.552661311134166
20-06-15,3.27694256601
21-06-15,3.3783907187833333
22-06-15,3.635923161837917
23-06-15,4.155385826282917
24-06-15,5.148742385705
25-06-15,4.186202143936667
26-06-15,3.3153915544341666
27-06-15,2.8625080493404167
28-06-15,2.6479513916966666
29-06-15,2.8487673473175
30-06-15,2.69569993960625
01-07-15,2.48843197787375
02-07-15,6.321724536667918
03-07-15,5.079885533499167
04-07-15,3.3846253368366668
05-07-15,3.5234639507625
06-07-15,3.2726451968866663
07-07-15,2.5532606245725
08-07-15,2.6993536602700003
09-07-15,2.6243486129474998
10-07-15,2.1147819631245834
11-07-15,2.0682358424283334
12-07-15,2.1845237907825
13-07-15,2.219263708405
14-07-15,2.0627716263162497
15-07-15,1.7960743966825
16-07-15,1.7241281676429168
17-07-15,1.7117173262741667
18-07-15,1.8603269418358332
19-07-15,2.117505397339167
20-07-15,2.143531704265
21-07-15,2.43864858414375
22-07-15,2.52603270081625
23-07-15,2.1035587984016666
24-07-15,1.9664442684812498
25-07-15,2.651047351150417
26-07-15,2.244049687169167
27-07-15,2.5187026807770834
28-07-15,2.5832004516616665
29-07-15,2.54861602635
30-07-15,3.5474229760699996
31-07-15,15.856170115262083
01-08-15,9.75225903306875
02-08-15,5.034524576648334
03-08-15,3.2630286743116663
04-08-15,2.828569314389167
05-08-15,2.522298391851667
06-08-15,2.31282013284625
07-08-15,2.244903285667083
08-08-15,2.075749052294167
09-08-15,1.9259801968220833
10-08-15,1.54999128931
11-08-15,1.2827285623591667
12-08-15,1.2299472919779166
13-08-15,7.53326718587
14-08-15,11.102970588234166
15-08-15,8.484509568851667
16-08-15,6.67683857684375
17-08-15,7.025439492604583
18-08-15,6.838933929968333
19-08-15,4.536341235132084
20-08-15,2.9519111099070834
21-08-15,2.1266013920137503
22-08-15,1.8630760633091665
23-08-15,5.73135779402
24-08-15,13.4472288189125
25-08-15,8.851238233185834
26-08-15,6.804340658528749
27-08-15,21.92299034025417
28-08-15,19.38754119642083
29-08-15,12.919375734723749
30-08-15,6.859852342149167
31-08-15,10.899984297757081
01-09-15,17.0195379991125
02-09-15,10.050510395087917
03-09-15,7.7226802198804165
04-09-15,6.28839096698875
05-09-15,5.384646823794166
06-09-15,4.15613876834625
07-09-15,3.2273859472891666
08-09-15,2.7074652919416664
09-09-15,2.6651865606504166
10-09-15,4.042519864560833
11-09-15,4.151066820265417
12-09-15,5.7963567577912505
13-09-15,12.148424165323751
14-09-15,15.769611843487501
15-09-15,70.211006441225
16-09-15,137.8463614644125
17-09-15,52.49148739857083
18-09-15,35.46797060194584
19-09-15,22.6099352827375
20-09-15,16.249885702204168
21-09-15,12.567664071883334
22-09-15,12.101598637462502
23-09-15,12.875499243816668
24-09-15,11.887601300537499
25-09-15,10.123765367779583
26-09-15,9.8162767408225
27-09-15,9.421752507842083
28-09-15,9.041759276957082
29-09-15,8.45335482916375
30-09-15,8.455020235544582
01-10-15,9.007080138309584
02-10-15,8.64937220217625
03-10-15,9.381541974890832
04-10-15,39.07519864011666
05-10-15,77.36820789774583
06-10-15,103.79004977648749
07-10-15,39.334975866341665
08-10-15,27.34139310029167
09-10-15,22.069270612729166
10-10-15,21.63820383404583
11-10-15,37.198378635091665
12-10-15,65.27743977971666
13-10-15,32.98423443662917
14-10-15,24.225515606558332
15-10-15,21.072741032033335
16-10-15,19.687089726866663
17-10-15,20.09464916312083
18-10-15,23.5387320037875
19-10-15,48.08679791210417
20-10-15,37.36659551161667
21-10-15,23.23027337297083
22-10-15,20.755770659291667
23-10-15,19.419773792683333
24-10-15,21.650727146800005
25-10-15,23.532550844079168
26-10-15,30.545821915458333
27-10-15,54.107723839833334
28-10-15,68.54682298190833
29-10-15,60.648388485
30-10-15,38.090147534354166
31-10-15,28.509215995154165
01-11-15,26.284139159583333
02-11-15,23.5621761064
03-11-15,52.12029959457917
04-11-15,44.988740580504164
05-11-15,48.4652228867625
06-11-15,42.11131473852084
07-11-15,30.1828053876125
08-11-15,25.863432219383338
09-11-15,24.139260590404167
10-11-15,23.372758570391667
11-11-15,22.446066447375
12-11-15,21.956855435141666
13-11-15,21.3596875862375
14-11-15,21.0155604819375
15-11-15,19.700744603320835
16-11-15,19.16018204371667
17-11-15,19.5599983744625
18-11-15,19.757354062408336
19-11-15,18.969418250625
20-11-15,18.026050529266666
21-11-15,34.703141024
22-11-15,39.79042115985417
23-11-15,34.00403375075416
24-11-15,23.971832896904164
25-11-15,25.3297876571875
26-11-15,22.790542084875
27-11-15,21.981518955387504
28-11-15,20.50336048308333
29-11-15,18.2485713328625
30-11-15,17.323447459825
01-12-15,16.698116087795835
02-12-15,16.36757738245417
03-12-15,16.483372698841666
04-12-15,21.69805049445417
05-12-15,17.555459093541668
06-12-15,15.804068149816667
07-12-15,15.0834543841625
08-12-15,32.43761741692084
09-12-15,22.129519267175
10-12-15,17.808336757295834
11-12-15,16.932228414129167
12-12-15,16.1468195766375
13-12-15,15.778571175029166
14-12-15,37.799184254495835
15-12-15,33.3918876165625
16-12-15,20.62777500159167
17-12-15,15.105709175979166
18-12-15,23.404161414670835
19-12-15,16.037699388366665
20-12-15,39.607444565758335
21-12-15,26.945710392095833
22-12-15,18.444745204220833
23-12-15,21.106422828816665
24-12-15,23.3153341254625
25-12-15,18.594324625758333
26-12-15,15.800412349333333
27-12-15,14.067670902391667
28-12-15,27.704888225666668
29-12-15,53.77420596652083
30-12-15,34.78078026281667
31-12-15,54.9176938533875
01-01-16,46.82865973856667
02-01-16,50.625234599991664
03-01-16,70.5786803599375
04-01-16,96.09871730634165
05-01-16,76.62872786677501
06-01-16,76.19031237336667
07-01-16,183.27421094462917
08-01-16,233.0391234254167
09-01-16,134.32143314222083
10-01-16,277.37345875399996
11-01-16,222.20657350183333
12-01-16,126.47823459858334
13-01-16,99.09998378119167
14-01-16,239.18860092545833
15-01-16,91.79081906705834
16-01-16,76.7076083656875
17-01-16,79.08322045426667
18-01-16,88.20648487745
19-01-16,67.17641971096667
20-01-16,60.162350549841676
21-01-16,66.09563544124167
22-01-16,73.09035660807083
23-01-16,64.50122238080417
24-01-16,51.13075991534166
25-01-16,91.34588620534998
26-01-16,70.47905045985833
27-01-16,50.00786459045417
28-01-16,125.95301022049166
29-01-16,65.26662502625416
30-01-16,52.54019325935417
31-01-16,54.608781433491664
01-02-16,48.813999819200006
02-02-16,44.08852229645
03-02-16,42.88141602251667
04-02-16,38.6309080198375
05-02-16,36.188784033204165
06-02-16,58.04818083327917
07-02-16,91.060613488125
08-02-16,57.37090232004167
09-02-16,111.53483208321666
10-02-16,153.85337192075
11-02-16,113.5486208278375
12-02-16,233.01617120424999
13-02-16,237.55782201083335
14-02-16,192.23361150904165
15-02-16,150.486864727875
16-02-16,85.47566946869584
17-02-16,84.97738944847083
18-02-16,97.19957820853334
19-02-16,69.39011186030832
20-02-16,60.85071508592083
21-02-16,55.93843802284167
22-02-16,54.01263140920417
23-02-16,55.06330888700833
24-02-16,75.63360473978334
25-02-16,71.41916531324166
26-02-16,106.23720557537085
27-02-16,106.41429373222502
28-02-16,82.57945249113334
29-02-16,60.53897648560417
01-03-16,48.68030323050001
02-03-16,50.96580422745833
03-03-16,47.280185074875
04-03-16,62.483023682404166
05-03-16,81.56173646043334
06-03-16,75.667568633475
07-03-16,84.40820029100416
08-03-16,60.032448957375
09-03-16,74.14048091730416
10-03-16,52.290806668312506
11-03-16,43.081990492645836
12-03-16,38.41812393345
13-03-16,34.58612384675833
14-03-16,32.15519570604584
15-03-16,31.5091733729125
16-03-16,30.431184931241663
17-03-16,29.1379415873625
18-03-16,42.30949361720834
19-03-16,64.08102118921666
20-03-16,58.77186687944583
21-03-16,42.95293216552917
22-03-16,32.9191923316875
23-03-16,29.90425596725417
24-03-16,26.922814848920837
25-03-16,26.06570572260834
26-03-16,43.54488673776251
27-03-16,54.271868681137505
28-03-16,103.13024887125
29-03-16,131.38171231680835
30-03-16,88.62454486864999
31-03-16,132.76474909672916
01-04-16,54.3337555808875
02-04-16,44.92493573931666
03-04-16,77.685245667275
04-04-16,93.59881329527916
05-04-16,59.07522352037916
06-04-16,43.51082091197916
07-04-16,37.95562204233334
08-04-16,36.26606197239584
09-04-16,44.84807919488333
10-04-16,92.63367194222083
11-04-16,93.58782811882502
12-04-16,55.1246163235
13-04-16,63.92647089434166
14-04-16,94.59770665201249
15-04-16,77.0688906630125
16-04-16,121.21695433406666
17-04-16,130.25547978441668
18-04-16,71.2256039022
19-04-16,74.94456511497499
20-04-16,74.7045513360125
21-04-16,54.12044960246251
22-04-16,57.0059548601375
23-04-16,73.33106804357917
24-04-16,54.86521348735834
25-04-16,39.36199091543333
26-04-16,35.43058408160834
27-04-16,33.703794878325
28-04-16,34.03483610426667
29-04-16,29.683897047508328
30-04-16,28.5023687672375
01-05-16,25.556183915949997
02-05-16,23.17681156973333
03-05-16,21.379641381433334
04-05-16,20.05262549267083
05-05-16,20.5087579917125
06-05-16,50.46486589207499
07-05-16,51.082257227595825
08-05-16,62.57501830681667
09-05-16,58.80567238127916
10-05-16,62.193985151975006
11-05-16,66.66521755157083
12-05-16,98.39984985278333
13-05-16,73.50419209165416
14-05-16,53.90674343759584
15-05-16,45.9040104041
16-05-16,33.683999810429164
17-05-16,28.443452983454165
18-05-16,26.248170820808337
19-05-16,29.626114419316668
20-05-16,26.4721283029
21-05-16,23.073260632100002
22-05-16,52.222015551225006
23-05-16,27.006913452679168
24-05-16,28.170516651633335
25-05-16,38.8347807820125
26-05-16,31.2948223629375
27-05-16,25.375942719441667
28-05-16,45.311148494312505
29-05-16,57.66820312335
30-05-16,51.45614813006667
31-05-16,40.638970339225
01-06-16,24.282731622325002
02-06-16,19.472717643924998
03-06-16,18.201751773120833
04-06-16,17.612156559804166
05-06-16,17.383802325916665
06-06-16,23.798328985266664
07-06-16,22.0990690032
08-06-16,15.817714235370834
09-06-16,15.330194889920834
10-06-16,21.314809276095833
11-06-16,17.403984603120833
12-06-16,16.117704516966665
13-06-16,23.591014110483332
14-06-16,25.486356057508335
15-06-16,55.534269457154174
16-06-16,66.87257405270417
17-06-16,53.28804869799999
18-06-16,31.113345477204167
19-06-16,23.772012299799997
20-06-16,17.864260838670834
21-06-16,14.968315145266665
22-06-16,13.839118296566667
23-06-16,40.92809354198333
24-06-16,25.768557142524998
25-06-16,21.368503466808335
26-06-16,16.858235793020835
27-06-16,13.882619879258334
28-06-16,12.395699537095835
29-06-16,12.404380939104167
30-06-16,12.560192957166665
01-07-16,13.6822584870375
02-07-16,13.532350769924998
03-07-16,11.300634983679167
04-07-16,9.753843803236668
05-07-16,10.270938982416666
06-07-16,11.184559100541668
07-07-16,15.1257184964875
08-07-16,9.929524386210835
09-07-16,8.52968707323125
10-07-16,7.9005227016375015
11-07-16,8.943964474471251
12-07-16,10.205547077464166
13-07-16,9.027466322268333
14-07-16,7.845356397261667
15-07-16,6.782909389308333
16-07-16,5.905050199350001
17-07-16,5.676938994817917
18-07-16,5.67334669244375
19-07-16,5.65069196353375
20-07-16,5.644050659673333
21-07-16,5.709850821793334
22-07-16,6.42091230398625
23-07-16,7.35903193651625
24-07-16,5.7333901453875
25-07-16,4.5158284324287505
26-07-16,4.327284369270417
27-07-16,4.5715979492375
28-07-16,4.452034881159583
29-07-16,4.034443195184584
30-07-16,3.83550235846875
31-07-16,4.206085994321667
01-08-16,4.7500025926645835
02-08-16,4.10429241911125
03-08-16,3.618601064412083
04-08-16,4.492250452285
05-08-16,6.8725300343854165
06-08-16,4.64399746214875
07-08-16,3.3043066066179168
08-08-16,2.6115437503991665
09-08-16,2.4933077967054165
10-08-16,2.8945873889829166
11-08-16,2.7620684742104173
12-08-16,2.7626995855349996
13-08-16,2.58170382692875
14-08-16,2.5509895473974997
15-08-16,2.687286665167083
16-08-16,2.8802141869820836
17-08-16,3.2837914633275
18-08-16,4.866755534845834
19-08-16,4.35072416212
20-08-16,5.386401991317499
21-08-16,4.188286685197084
22-08-16,3.1345793514958333
23-08-16,2.471792406490833
24-08-16,2.23886600328125
25-08-16,7.880289505920833
26-08-16,7.7833835120475
27-08-16,5.605244782798334
28-08-16,4.35301152931
29-08-16,3.4914642184679163
30-08-16,3.0277993283104165
31-08-16,2.6581879232237497
01-09-16,2.4372175052975
02-09-16,2.2659865900870835
03-09-16,2.2751779708275
04-09-16,2.0701203175975
05-09-16,1.8619392078791666
06-09-16,1.7883144729599998
07-09-16,1.9235406342066668
08-09-16,2.1575668435616664
09-09-16,2.37647942838375
10-09-16,2.2533441261383333
11-09-16,2.61054424949125
12-09-16,2.5476378365045833
13-09-16,22.125242739238335
14-09-16,33.652327808129165
15-09-16,30.742371500558335
16-09-16,18.942653756245836
17-09-16,12.548581882583335
18-09-16,8.57216744970875
19-09-16,6.349701755254167
20-09-16,5.185226699037083
21-09-16,4.7850635681887494
22-09-16,5.1334331661025
23-09-16,5.279108143376667
24-09-16,5.0280524054325
25-09-16,17.538410241779584
26-09-16,10.614782089778334
27-09-16,8.27346005145875
28-09-16,8.05205561725
29-09-16,5.8592785362329165
30-09-16,4.556332031367083
01-10-16,5.205840931121667
02-10-16,5.398763079179166
03-10-16,4.894707857720417
04-10-16,4.393437492745833
05-10-16,4.988098722290833
06-10-16,5.0551789622770835
07-10-16,4.488926746134166
08-10-16,3.988589993480833
09-10-16,4.021059468837916
10-10-16,3.8028320545633334
11-10-16,4.397949293122084
12-10-16,18.60680857635
13-10-16,26.590826486966666
14-10-16,19.393495380870835
15-10-16,13.707209714608332
16-10-16,25.87660815952084
17-10-16,28.35126730627083
18-10-16,18.486250548745833
19-10-16,12.188328400516667
20-10-16,10.525882766357084
21-10-16,9.148647188953333
22-10-16,8.879248888304167
23-10-16,32.675030417179165
24-10-16,20.63790285532917
25-10-16,16.868141361724998
26-10-16,13.376508115012498
27-10-16,10.114249105410833
28-10-16,8.6201858405975
29-10-16,7.814644605514584
30-10-16,7.3771321840729165
31-10-16,6.994335432557917
01-11-16,6.781828835848333
02-11-16,7.170927932432917
03-11-16,7.668945458690833
04-11-16,11.834591513271251
05-11-16,33.33963108855833
06-11-16,25.418479589454165
07-11-16,20.01601072020833
08-11-16,19.460110869016667
09-11-16,34.20278360122084
10-11-16,21.496177741116668
11-11-16,17.093534772433333
12-11-16,23.2510361357875
13-11-16,30.174455163970833
14-11-16,17.7537348279125
15-11-16,14.228715901112501
16-11-16,12.680211532095834
17-11-16,11.993081175641668
18-11-16,15.050789451975
19-11-16,17.154220059545835
20-11-16,36.4626222847375
21-11-16,69.06436876689166
22-11-16,43.368074173904176
23-11-16,25.143417165929165
24-11-16,40.28404480959167
25-11-16,59.502069849245835
26-11-16,30.055997533495837
27-11-16,27.28120852722083
28-11-16,22.066333596883336
29-11-16,19.813334753466666
30-11-16,18.5169859178
01-12-16,17.244588811591665
02-12-16,17.007009783475
03-12-16,16.449468271675
04-12-16,16.7578369421875
05-12-16,15.997379577154165
06-12-16,15.475606823229166
07-12-16,15.196715327804165
08-12-16,15.113098964966667
09-12-16,14.466589562958333
10-12-16,13.553912047283333
11-12-16,13.617623115633334
12-12-16,13.757235410241668
13-12-16,13.893969978045833
14-12-16,30.0258794847
15-12-16,27.9344739328875
16-12-16,49.42726181963334
17-12-16,30.500511434775003
18-12-16,20.8320845938125
19-12-16,18.044151534862497
20-12-16,17.128774870675
21-12-16,17.450944509620832
22-12-16,17.9778680897625
23-12-16,17.555668761025
24-12-16,17.194799421929165
25-12-16,15.879542841674999
26-12-16,14.976481490775
27-12-16,14.760791369145835
28-12-16,14.031849761541666
29-12-16,13.527961878862499
30-12-16,13.045540240175
31-12-16,12.739399501191668
01-01-17,12.577695792516664
02-01-17,18.5825375243125
03-01-17,18.3561258463625
04-01-17,15.356719929091668
05-01-17,13.994714194950001
06-01-17,13.0951642222375
07-01-17,12.431180628145833
08-01-17,11.747591354420834
09-01-17,11.315809839475
10-01-17,11.640688553987502
11-01-17,12.985995418516666
12-01-17,13.098091943283334
13-01-17,17.136446217975
14-01-17,15.876136230625
15-01-17,13.118190543758333
16-01-17,12.540924758395832
17-01-17,11.948623094908333
18-01-17,10.420686091887498
19-01-17,9.5283000420175
20-01-17,9.591042750764585
21-01-17,9.313188796530417
22-01-17,9.166093117003333
23-01-17,9.402054639870833
24-01-17,9.363699189715
25-01-17,8.910686234269583
26-01-17,10.822380467979585
27-01-17,22.008937368774998
28-01-17,26.885147886904168
29-01-17,26.265390070666665
30-01-17,23.43768705605417
31-01-17,21.499291684641673
01-02-17,33.827788518104164
02-02-17,53.77708597290833
03-02-17,115.89518733069167
04-02-17,161.76065920204167
05-02-17,132.508501513375
06-02-17,54.834120590225005
07-02-17,64.38639959004166
08-02-17,44.15440418162499
09-02-17,33.33297316559583
10-02-17,33.592403234275004
11-02-17,27.496743869787498
12-02-17,30.541951543533333
13-02-17,36.78331188516667
14-02-17,35.43955078310417
15-02-17,34.17188835252917
16-02-17,26.734353974112498
17-02-17,23.452661219533336
18-02-17,33.38311855915833
19-02-17,36.977632896258335
20-02-17,25.42407073165
21-02-17,22.996564668562502
22-02-17,21.787727992308334
23-02-17,21.025741497724997
24-02-17,21.136035528233332
25-02-17,19.819779293970836
26-02-17,20.17654829719167
27-02-17,24.819317052200002
28-02-17,40.48854434703333
01-03-17,36.095452857549994
02-03-17,35.31950254377917
03-03-17,49.8887708278125
04-03-17,56.21548539070833
05-03-17,46.090644819241675
06-03-17,49.460191656616665
07-03-17,33.416493049879165
08-03-17,28.118068097929168
09-03-17,22.73927114292083
10-03-17,19.506628331775
11-03-17,18.833019319974998
12-03-17,28.702369548662503
13-03-17,32.562328483212504
14-03-17,21.60077687309583
15-03-17,18.401045171483336
16-03-17,16.287608872929166
17-03-17,15.501769481275
18-03-17,15.153654772220833
19-03-17,14.787829465224997
20-03-17,15.049769573925
21-03-17,28.965454674979167
22-03-17,48.17936715974583
23-03-17,48.946971898025
24-03-17,37.28970825104583
25-03-17,27.134531897925
26-03-17,24.812619873370835
27-03-17,32.4518962082125
28-03-17,23.85520153907917
29-03-17,21.629788384708334
30-03-17,16.595890482008333
31-03-17,26.617932609158334
01-04-17,47.3292265718625
02-04-17,25.843182949091666
03-04-17,19.271092083591668
04-04-17,15.850011475495833
05-04-17,14.212098629608334
06-04-17,13.195414797720835
07-04-17,12.291543751762498
08-04-17,11.348854653745832
09-04-17,10.696402878079168
10-04-17,10.134318592302083
11-04-17,9.670520393300416
12-04-17,9.350425254875416
13-04-17,9.033438340992083
14-04-17,9.555960820546666
15-04-17,11.490292885033334
16-04-17,10.705851104819166
17-04-17,9.43471885368375
18-04-17,9.724836156241667
19-04-17,9.832076209819165
20-04-17,7.9109020016225005
21-04-17,6.72386669010375
22-04-17,6.163845244837916
23-04-17,6.204757862119167
24-04-17,6.170987216484583
25-04-17,7.195753000247916
26-04-17,15.0097776511375
27-04-17,10.789161886922917
28-04-17,8.184579700375833
29-04-17,6.671088775652916
30-04-17,22.663508708125836
01-05-17,25.036281692575
02-05-17,13.940027402404167
03-05-17,9.268265003955417
04-05-17,7.064898330369167
05-05-17,16.874446408169167
06-05-17,30.924472923366665
07-05-17,17.24847616465
08-05-17,10.629566717775
09-05-17,10.319371622187916
10-05-17,30.670539883604164
11-05-17,42.80061448023333
12-05-17,57.894868459612496
13-05-17,48.636443363025
14-05-17,38.47547916362917
15-05-17,23.249966936649997
16-05-17,16.8951182764
17-05-17,16.94623558015
18-05-17,24.9376430219625
19-05-17,19.938706816658335
20-05-17,15.505727183083332
21-05-17,11.420024677175
22-05-17,10.8094918280625
23-05-17,9.524737734370833
24-05-17,7.9169346053229175
25-05-17,7.437962134177084
26-05-17,32.4604157120325
27-05-17,30.141758572858333
28-05-17,27.785016884883333
29-05-17,59.92143777613334
30-05-17,29.73359164191667
31-05-17,19.458285331408334
01-06-17,14.390861628558334
02-06-17,12.444147800820835
03-06-17,15.014180095308333
04-06-17,14.7685975649
05-06-17,14.544001111145834
06-06-17,18.85706569337083
07-06-17,13.177315184804167
08-06-17,9.766732781024167
09-06-17,10.646818076059166
10-06-17,9.538363692447083
11-06-17,8.171299844485834
12-06-17,8.8712145362525
13-06-17,7.752492706933334
14-06-17,7.620918460995834
15-06-17,6.798033974530416
16-06-17,6.02437844582625
17-06-17,5.59198199004
18-06-17,5.06003947577625
19-06-17,4.672724171967084
20-06-17,4.573660043125417
21-06-17,4.4092952979904165
22-06-17,4.828943859787916
23-06-17,6.325945251060833
24-06-17,5.867371766065418
25-06-17,5.361540158713335
26-06-17,4.90239890963875
27-06-17,7.308463635444167
28-06-17,23.448533817812503
29-06-17,22.72444847929167
30-06-17,30.91525197445417
01-07-17,17.43257933529583
02-07-17,11.530758768969584
03-07-17,7.7855547155925
04-07-17,5.806616719185
05-07-17,6.227566975370416
06-07-17,6.7236667163999995
07-07-17,11.100860427998752
08-07-17,9.176570871117917
09-07-17,7.33457396808875
10-07-17,8.230676673028333
11-07-17,8.267571081281666
12-07-17,6.448846931264167
13-07-17,5.261568428608333
14-07-17,4.603591714315001
15-07-17,3.8386569165479165
16-07-17,3.181426481350833
17-07-17,2.8354484617804165
18-07-17,2.825444107233333
19-07-17,3.570994640477083
20-07-17,5.8140736877600006
21-07-17,4.885194615567084
22-07-17,5.21201969140125
23-07-17,6.136020717789168
24-07-17,6.046857975771668
25-07-17,5.818727319464583
26-07-17,4.356707618678334
27-07-17,3.3560003959479165
28-07-17,4.401067223334167
29-07-17,3.982688145847917
30-07-17,3.8151466396429163
31-07-17,4.280313857809584
01-08-17,4.439012645192499
02-08-17,3.8438414863704167
03-08-17,3.1434207812987496
04-08-17,2.71365725223375
05-08-17,3.657704344501667
06-08-17,3.9128747785074993
07-08-17,3.0818832984208337
08-08-17,3.6093455340699996
09-08-17,3.4643744926029165
10-08-17,2.8924436077133335
11-08-17,2.492855533187083
12-08-17,2.01483300098
13-08-17,1.7323451861633332
14-08-17,1.6097574042429166
15-08-17,1.6652501081062498
16-08-17,2.0438318042608334
17-08-17,2.0110563726462503
18-08-17,1.7884327689391668
19-08-17,1.7604104509995835
20-08-17,1.77531542094125
21-08-17,1.5827360245141666
22-08-17,1.3541107289995835
23-08-17,1.3185069566875
24-08-17,1.4759912405745836
25-08-17,1.8291020411199999
26-08-17,1.8581056516299999
27-08-17,2.892111774075
28-08-17,10.0021287595125
29-08-17,11.3492521074375
30-08-17,12.307664863020833
31-08-17,10.9549279161575
01-09-17,7.004871632686251
02-09-17,4.977092238567916
03-09-17,3.616956600088333
04-09-17,3.971444949927083
05-09-17,5.240009389790834
06-09-17,4.266328188560416
07-09-17,3.088855742372916
08-09-17,2.4338009550941666
09-09-17,2.9470025905645834
10-09-17,4.271703632371667
11-09-17,5.508726110350416
12-09-17,5.825818725796251
13-09-17,6.117112174185
14-09-17,5.7841722017474995
15-09-17,5.064603556929583
16-09-17,4.229466000470417
17-09-17,4.1484515632850005
18-09-17,6.505921435464583
19-09-17,7.726803392555418
20-09-17,5.270714110389166
21-09-17,4.997961494674167
22-09-17,9.053407231562916
23-09-17,6.180483139912499
24-09-17,4.624871518110833
25-09-17,7.116199275036667
26-09-17,6.066576430219584
27-09-17,4.3049398145258335
28-09-17,3.341148277065834
29-09-17,2.924779581469583
30-09-17,3.5168188591670835
01-10-17,3.73915904766125
02-10-17,3.516330761310417
03-10-17,2.8815494382441664
04-10-17,2.5308614752820833
05-10-17,2.31674982207
06-10-17,2.235970864150833
07-10-17,1.9812359263141666
08-10-17,1.7556101923533334
09-10-17,1.6431706591570834
10-10-17,1.5995990414245833
11-10-17,1.6104100144091664
12-10-17,1.6212250448999999
13-10-17,1.5865563072404167
14-10-17,1.60026795665875
15-10-17,1.5764473256116667
16-10-17,2.3646599392158336
17-10-17,37.734143141862496
18-10-17,37.36937642357916
19-10-17,25.991316891312504
20-10-17,20.022395718079167
21-10-17,20.689929580541666
22-10-17,14.0372083605125
23-10-17,9.901603565395417
24-10-17,7.640548169586666
25-10-17,6.18671671771375
26-10-17,5.384560253828333
27-10-17,5.023842058665834
28-10-17,4.561626607107917
29-10-17,4.257224528692084
30-10-17,4.271565578553333
31-10-17,4.440527896108333
01-11-17,4.362864887519584
02-11-17,5.9386452572675
03-11-17,10.715575189373334
04-11-17,19.025847464904164
05-11-17,17.223835290258332
06-11-17,11.638749026391665
07-11-17,9.230902691089167
08-11-17,9.795352241879584
09-11-17,10.054245931632083
10-11-17,9.76329204241
11-11-17,8.98648195015875
12-11-17,8.312815324877917
13-11-17,9.510761453865001
14-11-17,7.707843242286667
15-11-17,6.601060357605
16-11-17,6.157739670045416
17-11-17,5.978724278216251
18-11-17,6.069431295627916
19-11-17,5.872929458736249
20-11-17,5.66127561830625
21-11-17,5.385184085040834
22-11-17,4.856642172167084
23-11-17,14.811333752708748
24-11-17,37.67253911005
25-11-17,65.84186989417084
26-11-17,22.471949328504166
27-11-17,15.605748158495834
28-11-17,12.761332642975
29-11-17,11.871132668016665
30-11-17,12.336468337841666
01-12-17,12.376531537070832
02-12-17,12.723661437920834
03-12-17,10.887218274666665
04-12-17,10.020332525387916
05-12-17,9.414049348076666
06-12-17,9.148910318553334
07-12-17,9.290416763959167
08-12-17,14.971248235670833
09-12-17,19.417480246929166
10-12-17,94.13038263862916
11-12-17,151.40716381237917
12-12-17,49.466659795954165
13-12-17,36.55479664018333
14-12-17,53.0926740768125
15-12-17,38.994679247566665
16-12-17,31.127695099270834
17-12-17,25.76444812011667
18-12-17,22.72877463241667
19-12-17,21.968952831699998
20-12-17,20.5524145086125
21-12-17,19.544175770145834
22-12-17,18.915200802462497
23-12-17,18.704720976558335
24-12-17,18.4792864241125
25-12-17,22.13989251800417
26-12-17,61.21500646701666
27-12-17,85.04418087830834
28-12-17,56.48577660442916
29-12-17,48.4342532443
30-12-17,38.63527599205417
31-12-17,38.63527599205417
