Date,Level
01-01-08,223.6
02-01-08,223.66
03-01-08,223.99
04-01-08,224.17
05-01-08,224.22
06-01-08,224.29
07-01-08,224.37
08-01-08,224.43
09-01-08,224.55
10-01-08,224.6
11-01-08,224.99
12-01-08,225.24
13-01-08,225.52
14-01-08,226.03
15-01-08,226.56
16-01-08,227.63
17-01-08,228.04
18-01-08,228.34
19-01-08,228.52
20-01-08,228.64
21-01-08,228.71
22-01-08,228.76
23-01-08,228.79
24-01-08,228.79
25-01-08,228.78
26-01-08,228.76
27-01-08,228.72
28-01-08,228.68
29-01-08,228.63
30-01-08,228.57
31-01-08,228.5
01-02-08,228.47
02-02-08,228.51
03-02-08,228.56
04-02-08,228.79
05-02-08,228.87
06-02-08,228.91
07-02-08,228.92
08-02-08,228.92
09-02-08,228.9
10-02-08,228.87
11-02-08,228.83
12-02-08,228.78
13-02-08,228.73
14-02-08,228.66
15-02-08,228.59
16-02-08,228.52
17-02-08,228.44
18-02-08,228.35
19-02-08,228.28
20-02-08,228.24
21-02-08,228.19
22-02-08,228.11
23-02-08,228.02
24-02-08,227.94
25-02-08,227.86
26-02-08,227.77
27-02-08,227.71
28-02-08,227.73
29-02-08,227.68
01-03-08,227.68
02-03-08,227.66
03-03-08,227.64
04-03-08,227.61
05-03-08,227.57
06-03-08,227.53
07-03-08,227.47
08-03-08,227.42
09-03-08,227.39
10-03-08,227.41
11-03-08,227.42
12-03-08,227.42
13-03-08,227.4
14-03-08,227.37
15-03-08,227.36
16-03-08,227.36
17-03-08,227.36
18-03-08,227.39
19-03-08,227.41
20-03-08,227.4
21-03-08,227.37
22-03-08,227.43
23-03-08,227.52
24-03-08,227.62
25-03-08,227.72
26-03-08,227.89
27-03-08,228.41
28-03-08,228.83
29-03-08,229.08
30-03-08,229.42
31-03-08,229.72
01-04-08,229.97
02-04-08,230.18
03-04-08,230.35
04-04-08,230.49
05-04-08,230.62
06-04-08,230.72
07-04-08,230.83
08-04-08,230.98
09-04-08,231.84
10-04-08,232.69
11-04-08,233.18
12-04-08,233.55
13-04-08,233.94
14-04-08,234.3
15-04-08,234.57
16-04-08,234.82
18-04-08,235.91
19-04-08,236.64
20-04-08,237.34
21-04-08,238.35
22-04-08,239.02
23-04-08,239.69
24-04-08,240.14
25-04-08,240.51
26-04-08,240.82
27-04-08,241.08
28-04-08,241.33
29-04-08,241.56
30-04-08,241.83
01-05-08,242.05
02-05-08,242.24
03-05-08,242.4
04-05-08,242.55
05-05-08,242.68
06-05-08,242.8
07-05-08,242.88
08-05-08,242.97
09-05-08,243.25
10-05-08,243.42
11-05-08,243.58
12-05-08,243.71
13-05-08,243.83
14-05-08,243.96
15-05-08,244.14
16-05-08,244.29
17-05-08,244.43
18-05-08,244.57
19-05-08,244.73
20-05-08,244.83
21-05-08,244.91
22-05-08,245.03
23-05-08,245.36
24-05-08,245.62
25-05-08,245.78
26-05-08,245.7
27-05-08,245.7
28-05-08,245.65
29-05-08,245.66
30-05-08,245.67
31-05-08,245.61
01-06-08,245.52
02-06-08,245.39
03-06-08,245.25
04-06-08,245.33
05-06-08,245.2
06-06-08,245.28
07-06-08,245.34
08-06-08,245.39
09-06-08,245.43
10-06-08,245.42
11-06-08,245.38
12-06-08,245.33
13-06-08,245.26
14-06-08,245.19
15-06-08,245.13
16-06-08,245.11
17-06-08,245.13
18-06-08,245.13
19-06-08,245.12
20-06-08,245.1
21-06-08,245.08
22-06-08,245.05
23-06-08,245.01
24-06-08,244.97
25-06-08,244.93
26-06-08,244.88
27-06-08,244.83
28-06-08,244.77
29-06-08,244.71
30-06-08,244.65
01-07-08,244.58
02-07-08,244.52
03-07-08,244.45
04-07-08,244.38
05-07-08,244.31
06-07-08,244.24
07-07-08,244.17
08-07-08,244.09
09-07-08,244.01
10-07-08,243.94
11-07-08,243.86
12-07-08,243.79
13-07-08,243.7
14-07-08,243.62
15-07-08,243.52
16-07-08,243.43
17-07-08,243.33
20-07-08,243.02
21-07-08,242.91
22-07-08,242.8
23-07-08,242.69
24-07-08,242.58
25-07-08,242.48
26-07-08,242.37
27-07-08,242.26
28-07-08,242.15
29-07-08,242.03
30-07-08,241.91
31-07-08,241.8
01-08-08,241.68
02-08-08,241.56
03-08-08,241.44
04-08-08,241.32
05-08-08,241.19
06-08-08,241.07
07-08-08,240.94
08-08-08,240.81
09-08-08,240.68
10-08-08,240.55
11-08-08,240.42
12-08-08,240.3
13-08-08,240.18
14-08-08,240.04
15-08-08,239.91
16-08-08,239.82
17-08-08,239.7
18-08-08,239.57
19-08-08,239.44
20-08-08,239.3
21-08-08,239.16
22-08-08,239.02
23-08-08,238.88
24-08-08,238.73
25-08-08,238.59
26-08-08,238.44
27-08-08,238.28
28-08-08,238.13
29-08-08,237.97
30-08-08,237.84
31-08-08,237.7
01-09-08,237.55
02-09-08,237.4
03-09-08,237.27
04-09-08,237.15
05-09-08,237.05
06-09-08,236.95
07-09-08,236.83
08-09-08,236.59
09-09-08,236.44
10-09-08,236.2
12-09-08,235.92
13-09-08,235.77
14-09-08,235.62
15-09-08,235.46
16-09-08,235.3
17-09-08,235.14
18-09-08,234.98
19-09-08,234.82
20-09-08,234.65
21-09-08,234.49
22-09-08,234.32
23-09-08,234.15
24-09-08,234.02
25-09-08,233.98
26-09-08,233.94
27-09-08,233.91
28-09-08,233.87
29-09-08,233.81
30-09-08,233.73
01-10-08,233.63
02-10-08,233.53
05-10-08,233.24
06-10-08,233.14
07-10-08,233.18
08-10-08,233.14
09-10-08,233.08
10-10-08,233.01
11-10-08,232.93
12-10-08,232.84
14-10-08,232.68
15-10-08,232.59
16-10-08,232.51
17-10-08,232.43
19-10-08,232.26
20-10-08,232.17
21-10-08,232.11
22-10-08,232.06
23-10-08,231.99
24-10-08,231.91
25-10-08,231.83
26-10-08,231.74
27-10-08,231.66
28-10-08,231.58
29-10-08,231.5
30-10-08,231.45
31-10-08,231.43
01-11-08,231.37
02-11-08,231.32
03-11-08,231.26
05-11-08,231.26
06-11-08,231.21
07-11-08,231.18
08-11-08,231.13
09-11-08,231.07
10-11-08,231.05
11-11-08,231.15
12-11-08,231.16
13-11-08,231.15
14-11-08,231.1
15-11-08,231.05
16-11-08,230.99
17-11-08,230.91
18-11-08,230.83
19-11-08,230.76
20-11-08,230.67
21-11-08,230.58
22-11-08,230.49
23-11-08,230.39
24-11-08,230.33
25-11-08,230.33
26-11-08,230.3
27-11-08,230.25
28-11-08,230.22
29-11-08,230.49
30-11-08,230.81
01-12-08,231.07
02-12-08,231.2
03-12-08,231.81
04-12-08,232.28
05-12-08,232.68
06-12-08,233.09
07-12-08,234.22
08-12-08,234.68
09-12-08,234.99
10-12-08,235.22
11-12-08,235.45
12-12-08,235.8
13-12-08,236.72
14-12-08,237.55
15-12-08,238.19
16-12-08,238.69
17-12-08,239.07
18-12-08,239.36
19-12-08,239.6
20-12-08,239.8
21-12-08,239.98
22-12-08,240.13
23-12-08,240.26
24-12-08,240.37
25-12-08,240.47
26-12-08,240.35
28-12-08,240.08
30-12-08,239.78
31-12-08,239.61
01-01-09,239.764574845
02-01-09,239.931268544
03-01-09,240.429394436
04-01-09,240.557876381
05-01-09,240.617486889
06-01-09,240.664536496
07-01-09,240.698548138
08-01-09,240.717211106
09-01-09,240.737265288
10-01-09,240.759150613
11-01-09,240.771056771
12-01-09,240.781930469
13-01-09,241.222648489
14-01-09,241.33741273
15-01-09,241.466975233
16-01-09,241.611062358
17-01-09,241.674803176
18-01-09,241.758352659
19-01-09,242.206042802
20-01-09,242.694173964
21-01-09,242.876290425
22-01-09,243.118047338
23-01-09,244.091224439
24-01-09,244.74126682
25-01-09,245.216802622
26-01-09,245.365402858
27-01-09,245.247170653
28-01-09,245.29442542
29-01-09,245.823066119
30-01-09,245.682560509
31-01-09,246.055438022
01-02-09,246.108611655
02-02-09,245.873345668
03-02-09,245.620075948
04-02-09,245.851881545
05-02-09,246.069114475
06-02-09,246.198643083
07-02-09,246.122786634
08-02-09,246.012447938
09-02-09,246.139381238
10-02-09,246.427657818
11-02-09,246.250540477
12-02-09,246.001747971
13-02-09,245.734505676
14-02-09,245.470582934
15-02-09,245.228029271
16-02-09,245.019416733
17-02-09,244.844527985
18-02-09,244.704837275
19-02-09,244.602298114
20-02-09,244.52863338
21-02-09,244.471019193
22-02-09,244.425729823
23-02-09,244.393775917
24-02-09,244.373086472
25-02-09,244.358761475
26-02-09,244.348231581
27-02-09,244.335351573
28-02-09,244.328351152
01-03-09,244.360344543
02-03-09,244.409579757
03-03-09,244.421358836
04-03-09,244.701829129
05-03-09,245.227149258
06-03-09,245.495553936
07-03-09,245.542499497
08-03-09,245.454665752
09-03-09,245.333189135
10-03-09,245.211628993
11-03-09,245.109103953
12-03-09,245.027249526
13-03-09,244.961879708
14-03-09,244.912674402
15-03-09,244.883826919
16-03-09,244.856089255
17-03-09,244.824453528
18-03-09,244.794003654
19-03-09,244.766850549
20-03-09,244.744925897
21-03-09,244.732347019
22-03-09,244.715149991
23-03-09,244.697534015
24-03-09,244.68213829
25-03-09,244.669355966
26-03-09,244.660041759
27-03-09,244.654818571
28-03-09,244.701576893
29-03-09,244.808522793
30-03-09,244.83681135
31-03-09,244.827026471
01-04-09,244.804230791
02-04-09,244.778676513
03-04-09,244.75545511
04-04-09,244.749793022
05-04-09,244.756870085
06-04-09,244.829363463
07-04-09,244.962036611
08-04-09,244.98330379
09-04-09,245.039414844
10-04-09,245.439769817
11-04-09,245.579570754
12-04-09,245.575183535
13-04-09,245.524419355
14-04-09,245.546541529
15-04-09,245.61078477
16-04-09,245.69534966
17-04-09,245.789980191
18-04-09,245.837201847
19-04-09,245.876447835
20-04-09,245.778262153
21-04-09,245.657044144
22-04-09,245.549487283
23-04-09,245.458813169
24-04-09,245.393347836
25-04-09,245.392924263
26-04-09,245.434190392
27-04-09,245.470211951
28-04-09,245.59088994
29-04-09,245.628533832
30-04-09,245.700833417
01-05-09,245.725724946
02-05-09,245.660151557
03-05-09,245.574656991
04-05-09,245.497074369
05-05-09,245.432856785
06-05-09,245.375658473
07-05-09,245.324630514
08-05-09,245.285609636
09-05-09,245.264993102
10-05-09,245.278318517
11-05-09,245.679602487
12-05-09,245.914722418
13-05-09,245.943485471
14-05-09,245.956767994
15-05-09,245.920580761
16-05-09,246.043704741
17-05-09,246.306116134
18-05-09,246.339482417
19-05-09,246.242371739
20-05-09,246.115164759
21-05-09,246.004190732
22-05-09,245.920285182
23-05-09,245.90010891
24-05-09,245.933216068
25-05-09,246.020689985
26-05-09,246.082363174
27-05-09,246.041135772
28-05-09,245.959627432
29-05-09,245.868037963
30-05-09,245.784579989
31-05-09,245.714370669
01-06-09,245.657403588
02-06-09,245.610455377
03-06-09,245.570528136
04-06-09,245.562042271
05-06-09,245.724036756
06-06-09,245.979846409
07-06-09,246.185408888
08-06-09,246.70731357
09-06-09,247.006929991
10-06-09,247.187070584
11-06-09,247.084783804
12-06-09,246.841707277
13-06-09,246.614259635
14-06-09,246.438203624
15-06-09,246.355959096
16-06-09,246.287315075
17-06-09,246.212587937
18-06-09,246.140875342
19-06-09,246.074239616
20-06-09,246.022214019
21-06-09,245.972307845
22-06-09,245.922833645
23-06-09,245.882115939
24-06-09,245.87031528
25-06-09,245.885038583
26-06-09,245.924817183
27-06-09,245.933081753
28-06-09,245.939993994
29-06-09,245.959158186
30-06-09,245.974910651
01-07-09,245.976094438
02-07-09,245.965474874
03-07-09,245.944143374
04-07-09,245.943732719
05-07-09,245.950518138
06-07-09,245.970493525
07-07-09,245.957165006
08-07-09,245.931370894
09-07-09,245.895927822
10-07-09,245.856232451
11-07-09,245.815624444
12-07-09,245.778976877
13-07-09,245.763163086
14-07-09,245.745170338
15-07-09,245.729214895
16-07-09,245.719659448
17-07-09,245.75375212
18-07-09,245.743214977
19-07-09,245.71557927
20-07-09,245.677123773
21-07-09,245.634045394
22-07-09,245.741043136
23-07-09,246.052185947
24-07-09,246.080049601
25-07-09,246.048692142
26-07-09,245.971484675
27-07-09,245.89465525
28-07-09,245.834130375
29-07-09,245.774947407
30-07-09,245.728062518
31-07-09,245.683218238
01-08-09,245.696009799
02-08-09,245.756263812
03-08-09,245.736578062
04-08-09,245.700791127
05-08-09,245.666221008
06-08-09,245.650083015
07-08-09,245.647804084
08-08-09,245.630524734
09-08-09,245.598883249
10-08-09,245.556851708
11-08-09,245.51015954
12-08-09,245.461845146
13-08-09,245.415438917
14-08-09,245.371428242
15-08-09,245.332196594
16-08-09,245.298901266
17-08-09,245.264180079
18-08-09,245.230383112
19-08-09,245.193392086
20-08-09,245.157633376
21-08-09,245.134236773
22-08-09,245.103883863
23-08-09,245.06670633
24-08-09,245.027670507
25-08-09,245.008246721
26-08-09,244.982171852
27-08-09,244.952362097
28-08-09,244.920733846
29-08-09,244.885962427
30-08-09,244.844713026
31-08-09,244.798915359
01-09-09,244.755064696
02-09-09,244.714969173
03-09-09,244.679756562
04-09-09,244.651158911
05-09-09,244.618604441
06-09-09,244.579281397
07-09-09,244.536667394
08-09-09,244.491433052
09-09-09,244.446607346
10-09-09,244.405034342
11-09-09,244.364004912
12-09-09,244.32215018
13-09-09,244.279883207
14-09-09,244.23688754
15-09-09,244.195985717
16-09-09,244.160380109
17-09-09,244.145744778
18-09-09,244.142361019
19-09-09,244.128100744
20-09-09,244.137149951
21-09-09,244.115117013
22-09-09,244.074484273
23-09-09,244.023811158
24-09-09,243.96962953
25-09-09,243.915218421
26-09-09,243.862227218
27-09-09,243.810130419
28-09-09,243.759362134
29-09-09,243.709229727
30-09-09,243.661908997
01-10-09,243.62051463
02-10-09,243.581493173
03-10-09,243.540130011
04-10-09,243.531830615
05-10-09,243.647906142
06-10-09,243.765051649
07-10-09,244.127965615
08-10-09,244.327328788
09-10-09,244.325295306
10-10-09,244.27222063
11-10-09,244.212476587
12-10-09,244.13636439
13-10-09,244.054016645
14-10-09,243.973266913
15-10-09,243.898039922
16-10-09,243.829136099
17-10-09,243.765791566
18-10-09,243.70882895
19-10-09,243.657964906
20-10-09,243.724614304
21-10-09,243.853845753
22-10-09,244.27533906
23-10-09,244.375794856
24-10-09,244.446671382
25-10-09,244.627455571
26-10-09,244.644139337
27-10-09,244.573244224
28-10-09,244.482961509
29-10-09,244.395091508
30-10-09,244.319901286
31-10-09,244.291121501
01-11-09,244.437209402
02-11-09,244.669043564
03-11-09,244.695760647
04-11-09,244.806531243
05-11-09,245.002807574
06-11-09,245.302677079
07-11-09,245.423359261
08-11-09,245.460552757
09-11-09,245.390556682
10-11-09,245.315759501
11-11-09,245.265354701
12-11-09,245.553436785
13-11-09,245.627741999
14-11-09,246.133291306
15-11-09,246.974429567
16-11-09,247.837417274
17-11-09,248.164983417
18-11-09,247.931638824
19-11-09,247.609425263
20-11-09,247.320851774
21-11-09,247.146322627
22-11-09,247.125303531
23-11-09,246.998447128
24-11-09,246.816841689
25-11-09,246.959144067
26-11-09,247.010712795
27-11-09,246.980293064
28-11-09,246.971928842
29-11-09,247.514482489
30-11-09,247.699526836
01-12-09,247.762963189
02-12-09,247.862545915
03-12-09,247.982720881
04-12-09,247.817993824
05-12-09,247.877324319
06-12-09,249.728808279
07-12-09,249.791636714
08-12-09,249.392917963
09-12-09,248.933709707
10-12-09,248.466704119
11-12-09,248.003606471
12-12-09,247.558101447
13-12-09,247.134493958
14-12-09,246.750577802
15-12-09,246.410258451
16-12-09,246.400378658
17-12-09,247.273850695
18-12-09,247.029027657
19-12-09,246.732989003
20-12-09,246.431941492
21-12-09,246.426097954
22-12-09,246.94539411
23-12-09,246.927377938
24-12-09,247.370433538
25-12-09,247.274144643
26-12-09,247.012790497
27-12-09,246.761387908
28-12-09,247.452011621
29-12-09,247.863163835
30-12-09,248.190783651
31-12-09,248.210463415
01-01-10,248.111084241
02-01-10,247.857925593
03-01-10,247.774702051
04-01-10,247.4450838
05-01-10,247.081229431
06-01-10,246.720611819
07-01-10,246.391581344
08-01-10,246.084983378
09-01-10,245.789993291
10-01-10,245.523277608
11-01-10,245.328985953
12-01-10,245.97522281
13-01-10,246.369098771
14-01-10,247.380174176
15-01-10,247.196589895
16-01-10,247.564038552
17-01-10,247.472064333
18-01-10,247.176110003
19-01-10,246.882928728
20-01-10,246.832702684
21-01-10,246.557154139
22-01-10,246.618644106
23-01-10,246.6627044
24-01-10,246.521526401
25-01-10,246.2285258
26-01-10,245.934234793
27-01-10,245.636673399
28-01-10,245.371358457
29-01-10,245.208659948
30-01-10,245.143813507
31-01-10,245.112411491
01-02-10,245.019909194
02-02-10,244.874413229
03-02-10,244.738586935
04-02-10,244.796737604
05-02-10,245.359270996
06-02-10,245.43559295
07-02-10,245.385884275
08-02-10,245.391702866
09-02-10,245.370396652
10-02-10,245.289079604
11-02-10,245.209035673
12-02-10,245.116902927
13-02-10,245.038062413
14-02-10,244.984224235
15-02-10,244.946563203
16-02-10,244.918540952
17-02-10,244.929652842
18-02-10,244.991684685
19-02-10,245.038688678
20-02-10,245.099930282
21-02-10,245.222334242
22-02-10,245.844213314
23-02-10,246.378364617
24-02-10,247.414951384
25-02-10,249.156337645
26-02-10,249.2454513
27-02-10,249.629020144
28-02-10,249.826892745
01-03-10,249.775557299
02-03-10,249.386946009
03-03-10,249.194966894
04-03-10,248.806842747
05-03-10,248.342001748
06-03-10,247.877609373
07-03-10,247.516813402
08-03-10,247.175652065
09-03-10,246.818372885
10-03-10,246.490184137
11-03-10,246.205091976
12-03-10,245.972262851
13-03-10,245.802333636
14-03-10,245.696162697
15-03-10,245.581501847
16-03-10,245.480512083
17-03-10,245.40490155
18-03-10,245.380531145
19-03-10,245.541491342
20-03-10,246.222342902
21-03-10,246.486472922
22-03-10,246.432977166
23-03-10,246.289408122
24-03-10,246.212324297
25-03-10,246.512018089
26-03-10,247.162473841
27-03-10,247.323646754
28-03-10,247.213896883
29-03-10,247.367295916
30-03-10,247.908903031
31-03-10,248.13270127
01-04-10,248.140687611
02-04-10,248.095879534
03-04-10,248.149183292
04-04-10,248.097524343
05-04-10,247.822430661
06-04-10,247.507212904
07-04-10,247.302820886
08-04-10,247.066416771
09-04-10,246.838091994
10-04-10,246.644119726
11-04-10,246.492147312
12-04-10,246.395282208
13-04-10,246.323807177
14-04-10,246.264878656
15-04-10,246.325272337
16-04-10,246.402205248
17-04-10,246.479175491
18-04-10,246.699796049
19-04-10,246.803607372
20-04-10,246.750147
21-04-10,246.755908934
22-04-10,246.827393777
23-04-10,246.903243972
24-04-10,246.854444978
25-04-10,246.757331813
26-04-10,246.653105519
27-04-10,246.561900435
28-04-10,246.489172397
29-04-10,246.48522741
30-04-10,246.483937393
01-05-10,246.499208494
02-05-10,246.506075821
03-05-10,246.511826199
04-05-10,246.535382972
05-05-10,246.514961732
06-05-10,246.480125319
07-05-10,246.519743226
08-05-10,246.672455389
09-05-10,246.943269498
10-05-10,247.2223276
11-05-10,247.406935768
12-05-10,247.398599605
13-05-10,247.32211679
14-05-10,247.268897471
15-05-10,247.226695127
16-05-10,247.123596443
17-05-10,247.001285314
18-05-10,246.882217248
19-05-10,246.782309404
20-05-10,246.702237117
21-05-10,246.636490161
22-05-10,246.579201782
23-05-10,246.532224616
24-05-10,246.545440947
25-05-10,246.732511743
26-05-10,246.89382401
27-05-10,246.944870322
28-05-10,246.932607357
29-05-10,246.8726066
30-05-10,246.827481794
31-05-10,246.780881974
01-06-10,246.717876657
02-06-10,246.680278896
03-06-10,246.624303416
04-06-10,246.56796219
05-06-10,246.529250541
06-06-10,246.518323731
07-06-10,246.498776123
08-06-10,246.537934185
09-06-10,247.206884385
10-06-10,247.881334037
11-06-10,248.376383561
12-06-10,248.335650722
13-06-10,248.119594095
14-06-10,247.893455719
15-06-10,247.697038958
16-06-10,247.573469454
17-06-10,247.461309054
18-06-10,247.351010726
19-06-10,247.262812246
20-06-10,247.206854926
21-06-10,247.145597695
22-06-10,247.08292983
23-06-10,247.023899599
24-06-10,246.974522982
25-06-10,246.943878978
26-06-10,246.971963744
27-06-10,246.987667888
28-06-10,246.965009424
29-06-10,246.92724423
30-06-10,246.887803173
01-07-10,246.851575137
02-07-10,246.844235443
03-07-10,246.928581537
04-07-10,246.932227925
05-07-10,246.905393807
06-07-10,246.862050334
07-07-10,246.819855117
08-07-10,246.794286719
09-07-10,246.880115615
10-07-10,246.875369679
11-07-10,246.850063739
12-07-10,246.816937734
13-07-10,246.811469134
14-07-10,246.810285821
15-07-10,246.807741335
16-07-10,246.792739533
17-07-10,246.77242116
18-07-10,246.739726877
19-07-10,246.701707723
20-07-10,246.668620431
21-07-10,246.651818013
22-07-10,246.635801134
23-07-10,246.617199885
24-07-10,246.591713507
25-07-10,246.560395699
26-07-10,246.526538395
27-07-10,246.493280858
28-07-10,246.459641451
29-07-10,246.427280482
30-07-10,246.394842176
31-07-10,246.367539485
01-08-10,246.338494848
02-08-10,246.314800119
03-08-10,246.288843836
04-08-10,246.258126334
05-08-10,246.226205886
06-08-10,246.19304346
07-08-10,246.159302314
08-08-10,246.12346807
09-08-10,246.089887133
10-08-10,246.057720937
11-08-10,246.024124981
12-08-10,245.991312229
13-08-10,245.960922044
14-08-10,245.929502673
15-08-10,245.896027072
16-08-10,245.859547793
17-08-10,245.822666267
18-08-10,245.789492894
19-08-10,245.767366083
20-08-10,245.737132121
21-08-10,245.701167927
22-08-10,245.66244007
23-08-10,245.629651357
24-08-10,245.619377541
25-08-10,245.594475711
26-08-10,245.559539138
27-08-10,245.533846772
28-08-10,245.505178549
29-08-10,245.466974531
30-08-10,245.423134531
31-08-10,245.377224141
01-09-10,245.338189773
02-09-10,245.334967528
03-09-10,245.312458118
04-09-10,245.277398032
05-09-10,245.235572091
06-09-10,245.200797353
07-09-10,245.25015832
08-09-10,245.322595514
09-09-10,245.350953339
10-09-10,245.329818391
11-09-10,245.286705591
12-09-10,245.236274365
13-09-10,245.18474446
14-09-10,245.133547551
15-09-10,245.08353996
16-09-10,245.049590977
17-09-10,245.099403985
18-09-10,245.09573248
19-09-10,245.07136343
20-09-10,245.032361537
21-09-10,244.988193342
22-09-10,244.943166538
23-09-10,244.903715822
24-09-10,244.914614706
25-09-10,244.915329407
26-09-10,244.895858638
27-09-10,244.860454277
28-09-10,244.817784236
29-09-10,244.775695434
30-09-10,244.754489547
01-10-10,244.728895593
02-10-10,244.699464192
03-10-10,245.728907223
04-10-10,246.306530882
05-10-10,246.304189514
06-10-10,246.679868415
07-10-10,246.658259946
08-10-10,246.61931347
09-10-10,247.061739594
10-10-10,247.027608918
11-10-10,246.886087465
12-10-10,246.739414199
13-10-10,246.610078073
14-10-10,246.500948499
15-10-10,246.415913519
16-10-10,246.352950865
17-10-10,246.304427421
18-10-10,246.261056284
19-10-10,246.224890371
20-10-10,246.196889962
21-10-10,246.176399793
22-10-10,246.16171011
23-10-10,246.172904628
24-10-10,246.215192148
25-10-10,246.294457715
26-10-10,246.288689047
27-10-10,246.270852173
28-10-10,246.25084638
29-10-10,246.569809912
30-10-10,247.088930796
31-10-10,247.908073585
01-11-10,248.097795485
02-11-10,247.947242237
03-11-10,247.732207153
04-11-10,247.540282201
05-11-10,247.376604209
06-11-10,247.25199282
07-11-10,247.194144583
08-11-10,247.328816409
09-11-10,247.94239312
10-11-10,248.246812993
11-11-10,248.21797597
12-11-10,248.131542898
13-11-10,248.018810801
14-11-10,248.623548024
15-11-10,248.781545663
16-11-10,248.724819017
17-11-10,248.930942581
18-11-10,248.943343245
19-11-10,249.020255057
20-11-10,249.651210568
21-11-10,249.880581568
22-11-10,249.790525936
23-11-10,249.522675535
24-11-10,249.206329078
25-11-10,248.893766999
26-11-10,248.614981089
27-11-10,248.371418594
28-11-10,248.191743855
29-11-10,248.050244161
30-11-10,248.176196443
01-12-10,248.147359301
02-12-10,248.076665924
03-12-10,248.022141845
04-12-10,247.923840817
05-12-10,248.219647896
06-12-10,248.91014272
07-12-10,249.195456475
08-12-10,250.018998018
09-12-10,249.830872272
10-12-10,249.509156678
11-12-10,249.148394507
12-12-10,248.805959933
13-12-10,248.508344392
14-12-10,248.252217307
15-12-10,248.031791902
16-12-10,247.848829454
17-12-10,247.734051832
18-12-10,247.669922241
19-12-10,247.606435256
20-12-10,247.621010868
21-12-10,247.949531262
22-12-10,248.455235415
23-12-10,248.661254531
24-12-10,248.559968745
25-12-10,248.369164804
26-12-10,248.172625074
27-12-10,248.013157611
28-12-10,247.981287285
29-12-10,248.008875496
30-12-10,247.963149513
31-12-10,247.938397989
01-01-11,247.864582649
02-01-11,247.787735384
03-01-11,247.740886863
04-01-11,247.995886972
05-01-11,248.710249852
06-01-11,249.806266651
07-01-11,250.198062257
08-01-11,250.700587042
09-01-11,250.775213499
10-01-11,250.446065772
11-01-11,250.134605734
12-01-11,249.749990272
13-01-11,249.354819008
14-01-11,248.975968426
15-01-11,248.637143338
16-01-11,248.360722674
17-01-11,248.352191403
18-01-11,248.308899557
19-01-11,248.386633083
20-01-11,248.210297573
21-01-11,247.985943177
22-01-11,247.767071152
23-01-11,247.582973903
24-01-11,247.436171917
25-01-11,247.324287526
26-01-11,247.24900527
27-01-11,247.268362375
28-01-11,247.28673541
29-01-11,247.310909825
30-01-11,247.335251824
31-01-11,247.308375968
01-02-11,247.269258184
02-02-11,247.225081237
03-02-11,247.18781167
04-02-11,247.16357786
05-02-11,247.143512215
06-02-11,247.122386566
07-02-11,247.099923178
08-02-11,247.080882954
09-02-11,247.093986515
10-02-11,247.088737316
11-02-11,247.109178844
12-02-11,247.256276086
13-02-11,247.509384522
14-02-11,247.767357387
15-02-11,248.162188251
16-02-11,248.692158622
17-02-11,248.890777261
18-02-11,248.807299499
19-02-11,248.723565256
20-02-11,248.572327017
21-02-11,248.550941091
22-02-11,248.47502333
23-02-11,248.273219067
24-02-11,248.034346196
25-02-11,247.816658231
26-02-11,247.655977835
27-02-11,247.550115841
28-02-11,247.470468206
01-03-11,247.416431815
02-03-11,247.378084754
03-03-11,247.353504406
04-03-11,247.327128914
05-03-11,247.309211286
06-03-11,247.283128523
07-03-11,247.25343222
08-03-11,247.22432056
09-03-11,247.19953883
10-03-11,247.178606684
11-03-11,247.155755715
12-03-11,247.225924213
13-03-11,247.452207497
14-03-11,247.629997565
15-03-11,247.872969185
16-03-11,248.028620977
17-03-11,247.975347148
18-03-11,247.832003312
19-03-11,247.685447616
20-03-11,247.563850255
21-03-11,247.467074379
22-03-11,247.389656349
23-03-11,247.34229493
24-03-11,247.316571237
25-03-11,247.387238022
26-03-11,247.531764508
27-03-11,248.007339213
28-03-11,248.233978681
29-03-11,248.278596913
30-03-11,248.383519319
31-03-11,248.270582072
01-04-11,248.075341504
02-04-11,247.901453166
03-04-11,247.803190463
04-04-11,247.739679779
05-04-11,247.666875266
06-04-11,247.591744042
07-04-11,247.522350565
08-04-11,247.467794518
09-04-11,247.42099436
10-04-11,247.399733497
11-04-11,247.390005982
12-04-11,247.369408741
13-04-11,247.340719788
14-04-11,247.308868744
15-04-11,247.27691118
16-04-11,247.246824434
17-04-11,247.218744879
18-04-11,247.229731114
19-04-11,247.577297189
20-04-11,247.916184654
21-04-11,248.11389121
22-04-11,248.208560215
23-04-11,248.304385354
24-04-11,248.244102447
25-04-11,248.084882902
26-04-11,247.920337828
27-04-11,247.779145699
28-04-11,247.66559575
29-04-11,247.586489679
30-04-11,247.573427736
01-05-11,247.685145888
02-05-11,247.848986576
03-05-11,247.91512682
04-05-11,247.865494457
05-05-11,247.797208067
06-05-11,247.749601484
07-05-11,247.871956808
08-05-11,248.055937277
09-05-11,248.037328891
10-05-11,247.93999266
11-05-11,247.836817007
12-05-11,247.757855351
13-05-11,247.704630469
14-05-11,247.669501585
15-05-11,247.620317583
16-05-11,247.566114154
17-05-11,247.515868628
18-05-11,247.487522338
19-05-11,247.468678611
20-05-11,247.450650314
21-05-11,247.440816509
22-05-11,247.425505364
23-05-11,247.397604145
24-05-11,247.365833987
25-05-11,247.334141403
26-05-11,247.319111872
27-05-11,247.305486544
28-05-11,247.284156369
29-05-11,247.310086547
30-05-11,247.633439514
31-05-11,247.704636551
01-06-11,247.661874761
02-06-11,247.572070468
03-06-11,247.48602077
04-06-11,247.410398369
05-06-11,247.348628062
06-06-11,247.327069515
07-06-11,247.348272845
08-06-11,247.350431849
09-06-11,247.342556414
10-06-11,247.326969042
11-06-11,247.303927546
12-06-11,247.268870058
13-06-11,247.240694066
14-06-11,247.225265133
15-06-11,247.203917698
16-06-11,247.184647569
17-06-11,247.172086123
18-06-11,247.186167537
19-06-11,247.169646543
20-06-11,247.133003544
21-06-11,247.091281098
22-06-11,247.056901378
23-06-11,247.028695186
24-06-11,247.002254608
25-06-11,246.969428122
26-06-11,246.932350641
27-06-11,246.899817723
28-06-11,246.873815953
29-06-11,246.850678101
30-06-11,246.820997655
01-07-11,246.786215618
02-07-11,246.750372963
03-07-11,246.717257727
04-07-11,246.687096952
05-07-11,246.658703404
06-07-11,246.637360193
07-07-11,246.619466569
08-07-11,246.610987909
09-07-11,246.656679321
10-07-11,246.706667817
11-07-11,246.694797059
12-07-11,246.674069011
13-07-11,246.664315432
14-07-11,246.641049301
15-07-11,246.610985741
16-07-11,246.576233081
17-07-11,246.57817479
18-07-11,246.572495377
19-07-11,246.620464681
20-07-11,246.617431449
21-07-11,246.598531007
22-07-11,246.566021259
23-07-11,246.524598232
24-07-11,246.477907316
25-07-11,246.434160262
26-07-11,246.39846438
27-07-11,246.362190952
28-07-11,246.321765196
29-07-11,246.278403501
30-07-11,246.235574743
31-07-11,246.194925097
01-08-11,246.156318041
02-08-11,246.120136114
03-08-11,246.090975827
04-08-11,246.060739922
05-08-11,246.035157238
06-08-11,246.031104447
07-08-11,246.039192692
08-08-11,246.018639052
09-08-11,245.983253605
10-08-11,245.938106847
11-08-11,245.89020307
12-08-11,245.842510986
13-08-11,245.797107521
14-08-11,245.755610482
15-08-11,245.730290703
16-08-11,245.701270405
17-08-11,245.664013404
18-08-11,245.623707065
19-08-11,245.58296633
20-08-11,245.543077444
21-08-11,245.504802078
22-08-11,245.528234161
23-08-11,245.550032166
24-08-11,245.546225859
25-08-11,245.52148178
26-08-11,245.526650672
27-08-11,245.518518603
28-08-11,245.484353591
29-08-11,245.436883211
30-08-11,245.389082334
31-08-11,245.386728916
01-09-11,245.42344542
02-09-11,245.440092969
03-09-11,245.432217457
04-09-11,245.465221315
05-09-11,245.468529846
06-09-11,245.440544759
07-09-11,245.393531645
08-09-11,245.341136441
09-09-11,245.292481282
10-09-11,245.246770009
11-09-11,245.216726505
12-09-11,245.210980259
13-09-11,245.186630507
14-09-11,245.150753793
15-09-11,245.107787402
16-09-11,245.062777128
17-09-11,245.028651371
18-09-11,244.996480571
19-09-11,244.965590267
20-09-11,244.92940423
21-09-11,244.887175074
22-09-11,244.843429729
23-09-11,244.800351198
24-09-11,244.76119788
25-09-11,244.723169422
26-09-11,244.682936085
27-09-11,244.642655001
28-09-11,244.605634667
29-09-11,244.576266416
30-09-11,244.539449891
01-10-11,244.496252165
02-10-11,244.448545185
03-10-11,244.398797433
04-10-11,244.350103761
05-10-11,244.303835458
06-10-11,244.258846567
07-10-11,244.216063645
08-10-11,244.174214208
09-10-11,244.13405867
10-10-11,244.092977307
11-10-11,244.052802486
12-10-11,244.009853033
13-10-11,243.967002619
14-10-11,243.922116895
15-10-11,243.876514279
16-10-11,243.830769064
17-10-11,243.785565327
18-10-11,243.742418711
19-10-11,243.701103809
20-10-11,243.665075213
21-10-11,243.62452249
22-10-11,243.5792783
23-10-11,243.584352696
24-10-11,244.315251127
25-10-11,244.601667417
26-10-11,244.98074437
27-10-11,245.595409973
28-10-11,245.588269157
29-10-11,245.429151785
30-10-11,245.244256602
31-10-11,245.108289056
01-11-11,245.151013071
02-11-11,245.171646498
03-11-11,245.339703354
04-11-11,245.345374449
05-11-11,245.324960752
06-11-11,245.322356601
07-11-11,245.270564989
08-11-11,245.231437041
09-11-11,245.295851551
10-11-11,245.328422279
11-11-11,245.693716559
12-11-11,245.802910099
13-11-11,245.731369073
14-11-11,245.679452912
15-11-11,245.771249612
16-11-11,246.09404843
17-11-11,246.137930751
18-11-11,246.096134432
19-11-11,246.262667759
20-11-11,246.324383795
21-11-11,246.360282669
22-11-11,246.498399643
23-11-11,246.474220398
24-11-11,246.403083771
25-11-11,246.327611975
26-11-11,246.26989833
27-11-11,246.231913572
28-11-11,246.209347582
29-11-11,246.199555204
30-11-11,246.272614581
01-12-11,246.307575072
02-12-11,246.682607175
03-12-11,246.742330898
04-12-11,246.737095175
05-12-11,246.800519685
06-12-11,246.867827615
07-12-11,246.843307455
08-12-11,246.799561425
09-12-11,246.764072519
10-12-11,246.886751653
11-12-11,246.929078916
12-12-11,246.948741105
13-12-11,247.03330779
14-12-11,247.229937892
15-12-11,247.311265184
16-12-11,247.515920818
17-12-11,247.592057783
18-12-11,247.53914746
19-12-11,247.433749602
20-12-11,247.335170154
21-12-11,247.275522778
22-12-11,247.21937979
23-12-11,247.168460442
24-12-11,247.133213577
25-12-11,247.100253547
26-12-11,247.072451951
27-12-11,247.049535541
28-12-11,247.033265632
29-12-11,247.026583026
30-12-11,247.01324567
31-12-11,247.009758506
01-01-12,247.058505147
02-01-12,247.430355961
03-01-12,247.481727705
04-01-12,247.477382272
05-01-12,247.443574159
06-01-12,247.402024757
07-01-12,247.358360921
08-01-12,247.314974763
09-01-12,247.275701507
10-01-12,247.242435064
11-01-12,247.21428197
12-01-12,247.190691872
13-01-12,247.169775719
14-01-12,247.153381143
15-01-12,247.232328975
16-01-12,247.302476104
17-01-12,247.294691131
18-01-12,247.264095749
19-01-12,247.235360371
20-01-12,247.209529546
21-01-12,247.186582486
22-01-12,247.162867249
23-01-12,247.13786574
24-01-12,247.114668794
25-01-12,247.088207555
26-01-12,247.09122222
27-01-12,247.1004834
28-01-12,247.083832188
29-01-12,247.058745438
30-01-12,247.031457469
31-01-12,247.009126922
01-02-12,247.014942657
02-02-12,247.037495816
03-02-12,247.019831893
04-02-12,246.994077802
05-02-12,246.975810429
06-02-12,246.998163279
07-02-12,247.005623797
08-02-12,247.000636213
09-02-12,246.981170197
10-02-12,246.959888643
11-02-12,246.935115854
12-02-12,246.907071228
13-02-12,246.880225232
14-02-12,246.868661203
15-02-12,246.869819279
16-02-12,246.857372093
17-02-12,246.837767164
18-02-12,246.817810063
19-02-12,246.803338394
20-02-12,246.795985974
21-02-12,246.780077752
22-02-12,246.760753794
23-02-12,246.740822444
24-02-12,246.717880838
25-02-12,246.694704387
26-02-12,246.674963225
27-02-12,246.658125373
28-02-12,246.63979568
29-02-12,246.619734966
01-03-12,246.603247248
02-03-12,246.591105314
03-03-12,246.590243122
04-03-12,246.617044315
05-03-12,246.634245745
06-03-12,246.619511338
07-03-12,246.59755993
08-03-12,246.57835511
09-03-12,246.550367076
10-03-12,246.51564913
11-03-12,246.478193917
12-03-12,246.442797595
13-03-12,246.409940541
14-03-12,246.3787641
15-03-12,246.348577788
16-03-12,246.31969442
17-03-12,246.330321129
18-03-12,246.448602626
19-03-12,246.504264051
20-03-12,246.489035391
21-03-12,246.445510975
22-03-12,246.396842944
23-03-12,246.349768747
24-03-12,246.300816593
25-03-12,246.253391499
26-03-12,246.208928056
27-03-12,246.16708556
28-03-12,246.127703476
29-03-12,246.087925661
30-03-12,246.048843342
31-03-12,246.01124763
01-04-12,245.976088047
02-04-12,245.942417064
03-04-12,245.911414339
04-04-12,245.884050758
05-04-12,245.871285491
06-04-12,245.896480715
07-04-12,245.992691724
08-04-12,246.018076463
09-04-12,245.992167662
10-04-12,246.000904348
11-04-12,246.098036936
12-04-12,246.212556941
13-04-12,246.260658536
14-04-12,246.515370159
15-04-12,246.674999573
16-04-12,246.69608804
17-04-12,246.614748464
18-04-12,246.787885482
19-04-12,247.147180689
20-04-12,247.25810688
21-04-12,247.27315378
22-04-12,247.178607463
23-04-12,247.078892361
24-04-12,247.021276202
25-04-12,247.196835124
26-04-12,247.34032855
27-04-12,247.35199696
28-04-12,247.318661145
29-04-12,247.280892512
30-04-12,247.231800991
01-05-12,247.207169299
02-05-12,247.19538861
03-05-12,247.294802342
04-05-12,247.458868078
05-05-12,247.648314059
06-05-12,247.73137172
07-05-12,247.70305276
08-05-12,247.860291771
09-05-12,247.9130775
10-05-12,247.772424107
11-05-12,247.59430941
12-05-12,247.45746053
13-05-12,247.348074016
14-05-12,247.269941931
15-05-12,247.216773665
16-05-12,247.162328473
17-05-12,247.106829023
18-05-12,247.076694283
19-05-12,247.124439081
20-05-12,247.225692725
21-05-12,247.29116022
22-05-12,247.300595216
23-05-12,247.263001808
24-05-12,247.189027976
25-05-12,247.120582454
26-05-12,247.096950627
27-05-12,247.099080806
28-05-12,247.09404712
29-05-12,247.06018231
30-05-12,247.021140059
31-05-12,246.974626066
01-06-12,246.926140071
02-06-12,246.941640199
03-06-12,246.980063051
04-06-12,246.966909176
05-06-12,246.943582318
06-06-12,246.954330997
07-06-12,247.084169297
08-06-12,247.15884293
09-06-12,247.156884425
10-06-12,247.197927868
11-06-12,247.250878177
12-06-12,247.370409724
13-06-12,247.362776924
14-06-12,247.290978799
15-06-12,247.228013221
16-06-12,247.408976243
17-06-12,247.498231502
18-06-12,247.617253697
19-06-12,247.576731838
20-06-12,247.512866267
21-06-12,247.617792347
22-06-12,247.590556343
23-06-12,247.508467451
24-06-12,247.409801681
25-06-12,247.321817235
26-06-12,247.244754474
27-06-12,247.176213135
28-06-12,247.121804169
29-06-12,247.092177681
30-06-12,247.106045987
01-07-12,247.160618953
02-07-12,247.148327136
03-07-12,247.12892997
04-07-12,247.122517674
05-07-12,247.141178206
06-07-12,247.18042574
07-07-12,247.229013666
08-07-12,247.267782901
09-07-12,247.256106658
10-07-12,247.228278634
11-07-12,247.198147659
12-07-12,247.154588728
13-07-12,247.118084631
14-07-12,247.133745913
15-07-12,247.128602383
16-07-12,247.094887613
17-07-12,247.042183635
18-07-12,246.985994004
19-07-12,246.937495775
20-07-12,246.899155482
21-07-12,246.865992364
22-07-12,246.833524216
23-07-12,246.800376435
24-07-12,246.766595073
25-07-12,246.733909694
26-07-12,246.71329501
27-07-12,246.734884046
28-07-12,246.746951286
29-07-12,246.741006431
30-07-12,246.715947371
31-07-12,246.681298677
01-08-12,246.646698169
02-08-12,246.625374203
03-08-12,246.600915361
04-08-12,246.573251099
05-08-12,246.588828474
06-08-12,246.598639727
07-08-12,246.586605313
08-08-12,246.555366155
09-08-12,246.514549502
10-08-12,246.471550874
11-08-12,246.429306592
12-08-12,246.393294505
13-08-12,246.364905716
14-08-12,246.48092714
15-08-12,246.861749804
16-08-12,246.90634753
17-08-12,246.850310095
18-08-12,246.760461276
19-08-12,246.675210271
20-08-12,246.606143298
21-08-12,246.551871774
22-08-12,246.503337252
23-08-12,246.461707446
24-08-12,246.458109861
25-08-12,246.498292024
26-08-12,246.495608041
27-08-12,246.46649636
28-08-12,246.435196685
29-08-12,246.40631891
30-08-12,246.375142759
31-08-12,246.342695123
01-09-12,246.305162688
02-09-12,246.264227484
03-09-12,246.222106156
04-09-12,246.181163911
05-09-12,246.143618573
06-09-12,246.108077532
07-09-12,246.072386596
08-09-12,246.037371398
09-09-12,246.005402796
10-09-12,245.979261268
11-09-12,245.954501238
12-09-12,245.937515701
13-09-12,245.913871036
14-09-12,245.88328446
15-09-12,245.846797634
16-09-12,245.807231721
17-09-12,245.768285651
18-09-12,245.740390316
19-09-12,245.715518393
20-09-12,245.683305594
21-09-12,245.647228101
22-09-12,245.615736964
23-09-12,245.619650586
24-09-12,245.752504534
25-09-12,245.929175732
26-09-12,246.131205771
27-09-12,246.189890653
28-09-12,246.143367655
29-09-12,246.066450523
30-09-12,245.987247034
01-10-12,245.914247926
02-10-12,245.856063952
03-10-12,245.827932927
04-10-12,245.797581547
05-10-12,245.758312957
06-10-12,245.71752746
07-10-12,245.698199926
08-10-12,245.677710044
09-10-12,245.673452919
10-10-12,245.706429304
11-10-12,245.861256313
12-10-12,245.949903701
13-10-12,245.951358767
14-10-12,246.013290585
15-10-12,246.041062461
16-10-12,246.167655479
17-10-12,246.743534646
18-10-12,246.97235747
19-10-12,246.929519072
20-10-12,246.796246042
21-10-12,246.656185902
22-10-12,246.53892949
23-10-12,246.460071803
24-10-12,246.408295048
25-10-12,246.429648831
26-10-12,246.431180752
27-10-12,246.431269293
28-10-12,246.397631241
29-10-12,246.351412028
30-10-12,246.390458224
31-10-12,246.397695995
01-11-12,246.484870466
02-11-12,246.599847781
03-11-12,246.874821789
04-11-12,246.96181962
05-11-12,246.962097593
06-11-12,246.93777434
07-11-12,246.862224956
08-11-12,246.883569384
09-11-12,246.940785515
10-11-12,247.031024207
11-11-12,247.148985781
12-11-12,247.14750423
13-11-12,247.076324925
14-11-12,246.995004605
15-11-12,246.924103504
16-11-12,246.945434097
17-11-12,247.139227805
18-11-12,247.264224921
19-11-12,247.239064034
20-11-12,247.18179147
21-11-12,247.429738772
22-11-12,247.440724868
23-11-12,247.381258766
24-11-12,247.376978664
25-11-12,247.379858647
26-11-12,247.403938107
27-11-12,247.502435106
28-11-12,247.581330788
29-11-12,247.616492684
30-11-12,247.687858481
01-12-12,247.693604675
02-12-12,247.636120925
03-12-12,247.571537484
04-12-12,247.7457756
05-12-12,247.805018135
06-12-12,247.926600585
07-12-12,248.161785487
08-12-12,248.126031053
09-12-12,248.022081788
10-12-12,247.920625743
11-12-12,247.845221022
12-12-12,247.79052101
13-12-12,247.964619821
14-12-12,249.681167417
15-12-12,250.025668106
16-12-12,250.323739307
17-12-12,250.21922057
18-12-12,250.018220974
19-12-12,249.708896876
20-12-12,249.837754281
21-12-12,249.715515385
22-12-12,249.390960027
23-12-12,249.02785046
24-12-12,248.771312366
25-12-12,248.848184522
26-12-12,248.687782729
27-12-12,248.469245942
28-12-12,248.243409322
29-12-12,248.281195603
30-12-12,248.238801749
31-12-12,248.366082114
01-01-13,248.597428056
02-01-13,248.438856248
03-01-13,248.219363532
04-01-13,247.999763161
05-01-13,247.806896308
06-01-13,247.649676349
07-01-13,247.527614348
08-01-13,247.437445407
09-01-13,247.49804257
10-01-13,247.550078625
11-01-13,247.526739484
12-01-13,247.606959625
13-01-13,247.78892889
14-01-13,247.81014918
15-01-13,247.768342941
16-01-13,248.2058109
17-01-13,248.37372415
18-01-13,249.500621038
19-01-13,250.793376038
20-01-13,250.808171792
21-01-13,250.674017753
22-01-13,250.681123417
23-01-13,250.492203097
24-01-13,250.195544137
25-01-13,249.929136854
26-01-13,249.60139678
27-01-13,249.66879108
28-01-13,249.447487198
29-01-13,249.08496318
30-01-13,248.761394862
31-01-13,248.55297145
01-02-13,248.592130286
02-02-13,248.815139859
03-02-13,248.588990311
04-02-13,248.29924315
05-02-13,248.013057556
06-02-13,247.885063242
07-02-13,247.692497571
08-02-13,247.470835767
09-02-13,247.237403182
10-02-13,247.431366252
11-02-13,247.691183911
12-02-13,247.750932607
13-02-13,247.628333445
14-02-13,247.419200772
15-02-13,247.192605626
16-02-13,246.98066361
17-02-13,246.867717517
18-02-13,246.817890214
19-02-13,246.75062083
20-02-13,246.690597009
21-02-13,246.725351949
22-02-13,246.862609724
23-02-13,246.961397883
24-02-13,246.888845709
25-02-13,246.787109215
26-02-13,246.690444684
27-02-13,246.643543399
28-02-13,246.586197129
01-03-13,246.525661564
02-03-13,246.474704765
03-03-13,246.432705583
04-03-13,246.394060075
05-03-13,246.369916947
06-03-13,246.481402181
07-03-13,246.934382022
08-03-13,247.206427799
09-03-13,247.35304935
10-03-13,247.706424373
11-03-13,248.093543998
12-03-13,248.444771568
13-03-13,248.362758313
14-03-13,248.138629833
15-03-13,247.884636111
16-03-13,247.672156189
17-03-13,247.605130315
18-03-13,247.49951919
19-03-13,247.403768595
20-03-13,247.306750953
21-03-13,247.197750604
22-03-13,247.336380344
23-03-13,247.47716873
24-03-13,247.665375413
25-03-13,248.490201251
26-03-13,248.951491351
27-03-13,249.586222299
28-03-13,249.64475277
29-03-13,250.040039705
30-03-13,249.976008086
31-03-13,249.760536082
01-04-13,249.834776986
02-04-13,249.639068163
03-04-13,249.321628938
04-04-13,249.03837532
05-04-13,248.672241323
06-04-13,248.298943067
07-04-13,248.00950019
08-04-13,247.960770725
09-04-13,248.047438804
10-04-13,247.941494593
11-04-13,249.180689376
12-04-13,249.331885748
13-04-13,248.997807688
14-04-13,248.568404905
15-04-13,248.174130542
16-04-13,247.738103302
17-04-13,247.315528119
18-04-13,246.956066541
19-04-13,246.64830152
20-04-13,246.37247821
21-04-13,246.151602072
22-04-13,245.982990088
23-04-13,245.863173447
24-04-13,245.768030953
25-04-13,245.701661014
26-04-13,245.662992607
27-04-13,245.693831632
28-04-13,245.774745384
29-04-13,245.78172545
30-04-13,245.788965434
01-05-13,245.861526071
02-05-13,245.873094628
03-05-13,245.823987622
04-05-13,245.757210707
05-05-13,245.699683766
06-05-13,245.702700425
07-05-13,245.860647152
08-05-13,245.93057937
09-05-13,245.990894395
10-05-13,245.993098639
11-05-13,245.94010775
12-05-13,245.89046729
13-05-13,245.834096734
14-05-13,245.785303253
15-05-13,245.89209214
16-05-13,246.048649451
17-05-13,246.348723547
18-05-13,246.659966335
19-05-13,246.795922768
20-05-13,246.783433353
21-05-13,246.627190472
22-05-13,246.475319171
23-05-13,246.347738249
24-05-13,246.248798312
25-05-13,246.166907772
26-05-13,246.106661093
27-05-13,246.079531805
28-05-13,246.125698343
29-05-13,246.231651221
30-05-13,246.323602585
31-05-13,246.311462994
01-06-13,246.259716646
02-06-13,246.212123069
03-06-13,246.147274624
04-06-13,246.07979939
05-06-13,246.019588357
06-06-13,245.976943427
07-06-13,246.015451002
08-06-13,246.14351742
09-06-13,246.211262725
10-06-13,246.235720068
11-06-13,246.257376415
12-06-13,246.237618737
13-06-13,246.271844229
14-06-13,246.276825419
15-06-13,246.22062414
16-06-13,246.173179455
17-06-13,246.475959583
18-06-13,246.633176615
19-06-13,246.740079314
20-06-13,246.716950214
21-06-13,246.704127356
22-06-13,246.633499854
23-06-13,246.553903502
24-06-13,246.464533723
25-06-13,246.376007927
26-06-13,246.296699158
27-06-13,246.230136949
28-06-13,246.175849776
29-06-13,246.1321166
30-06-13,246.093522468
01-07-13,246.057557444
02-07-13,246.037717292
03-07-13,246.022873751
04-07-13,246.001255645
05-07-13,245.972154877
06-07-13,245.938236689
07-07-13,245.904853125
08-07-13,245.870982116
09-07-13,245.837302159
10-07-13,245.80649214
11-07-13,245.776752974
12-07-13,245.747380469
13-07-13,245.721960146
14-07-13,245.699796839
15-07-13,245.67256519
16-07-13,245.643756055
17-07-13,245.61464576
18-07-13,245.581093118
19-07-13,245.546714624
20-07-13,245.520177938
21-07-13,245.496806439
22-07-13,245.470514033
23-07-13,245.442255275
24-07-13,245.409585238
25-07-13,245.380187501
26-07-13,245.358467128
27-07-13,245.330081896
28-07-13,245.318176146
29-07-13,245.346040581
30-07-13,245.337467469
31-07-13,245.304684466
01-08-13,245.260007658
02-08-13,245.218489363
03-08-13,245.187012982
04-08-13,245.152067051
05-08-13,245.113500208
06-08-13,245.077824761
07-08-13,245.070438772
08-08-13,245.078506858
09-08-13,245.054326691
10-08-13,245.013135683
11-08-13,244.964474433
12-08-13,244.914710084
13-08-13,244.868407441
14-08-13,244.825360901
15-08-13,244.783898646
16-08-13,244.742423865
17-08-13,244.701406938
18-08-13,244.661431576
19-08-13,244.621596785
20-08-13,244.580323481
21-08-13,244.538371358
22-08-13,244.497144572
23-08-13,244.455387484
24-08-13,244.413579918
25-08-13,244.371521041
26-08-13,244.33344391
27-08-13,244.291962058
28-08-13,244.247286939
29-08-13,244.201877793
30-08-13,244.156613917
31-08-13,244.112170267
01-09-13,244.069639231
02-09-13,244.024284728
03-09-13,243.9782815
04-09-13,243.934250681
05-09-13,243.890468881
06-09-13,243.849375636
07-09-13,243.812764794
08-09-13,243.774124981
09-09-13,243.73031658
10-09-13,243.68388568
11-09-13,243.637093664
12-09-13,243.589509386
13-09-13,243.541437046
14-09-13,243.492072254
15-09-13,243.44502418
16-09-13,243.398662197
17-09-13,243.353544801
18-09-13,243.308184437
19-09-13,243.263418766
20-09-13,243.218057424
21-09-13,243.171372878
22-09-13,243.121332953
23-09-13,243.068697273
24-09-13,243.014150424
25-09-13,242.96761089
26-09-13,242.931085652
27-09-13,242.897222815
28-09-13,242.934346603
29-09-13,242.99898359
30-09-13,243.030816358
01-10-13,243.285675553
02-10-13,243.355672214
03-10-13,243.612751651
04-10-13,243.676722394
05-10-13,243.657396381
06-10-13,243.596700634
07-10-13,243.521315999
08-10-13,243.441717827
09-10-13,243.364436519
10-10-13,243.291109964
11-10-13,243.223114867
12-10-13,243.160568042
13-10-13,243.109985054
14-10-13,243.087620821
15-10-13,243.194931415
16-10-13,243.3706331
17-10-13,243.468348582
18-10-13,243.511057277
19-10-13,243.823973068
20-10-13,243.940888689
21-10-13,244.016982521
22-10-13,244.942874677
23-10-13,245.378771022
24-10-13,245.829087942
25-10-13,245.958748774
26-10-13,245.820662367
27-10-13,245.612466964
28-10-13,245.548384606
29-10-13,245.503219427
30-10-13,245.400046701
31-10-13,245.276445186
01-11-13,245.236066421
02-11-13,246.226019466
03-11-13,246.498418684
04-11-13,247.066350495
05-11-13,247.251608729
06-11-13,247.224388155
07-11-13,247.080167789
08-11-13,247.296547432
09-11-13,247.332597719
10-11-13,247.32607771
11-11-13,247.172667448
12-11-13,246.979284584
13-11-13,246.791406671
14-11-13,246.625806232
15-11-13,246.489755922
16-11-13,246.403754348
17-11-13,246.333991126
18-11-13,246.295284793
19-11-13,246.344023597
20-11-13,246.355514676
21-11-13,246.34428451
22-11-13,246.353242962
23-11-13,246.330165919
24-11-13,246.298063084
25-11-13,246.270601777
26-11-13,246.244852541
27-11-13,246.222849575
28-11-13,246.205998324
29-11-13,246.196115008
30-11-13,246.19287813
01-12-13,246.192735673
02-12-13,246.185959858
03-12-13,246.179926468
04-12-13,246.173935334
05-12-13,246.166784137
06-12-13,246.160842886
07-12-13,246.154501698
08-12-13,246.148880066
09-12-13,246.142539054
10-12-13,246.132689797
11-12-13,246.11043342
12-12-13,246.080631653
13-12-13,246.075494929
14-12-13,246.105416633
15-12-13,246.102013372
16-12-13,246.089482947
17-12-13,246.155564783
18-12-13,246.246291166
19-12-13,246.739995093
20-12-13,246.911683369
21-12-13,246.861585478
22-12-13,246.773542664
23-12-13,246.703849687
24-12-13,247.78620664
25-12-13,248.333381821
26-12-13,248.424544719
27-12-13,248.451106539
28-12-13,248.825952486
29-12-13,248.763520436
30-12-13,248.5669155
31-12-13,248.530697354
01-01-14,248.827559746
02-01-14,249.101763035
03-01-14,249.227073027
04-01-14,249.686268523
05-01-14,249.725707637
06-01-14,250.233745053
07-01-14,250.147865038
08-01-14,250.322478843
09-01-14,250.384510582
10-01-14,250.040549159
11-01-14,249.638160991
12-01-14,249.286045549
13-01-14,249.091577612
14-01-14,249.338371148
15-01-14,249.265849691
16-01-14,249.596461314
17-01-14,249.513790849
18-01-14,249.378167836
19-01-14,249.41220193
20-01-14,249.220729154
21-01-14,248.956419669
22-01-14,248.795933425
23-01-14,248.505850168
24-01-14,248.149238675
25-01-14,247.858775228
26-01-14,247.589182739
27-01-14,247.510340279
28-01-14,247.561485519
29-01-14,247.686754672
30-01-14,247.73608119
31-01-14,247.873911084
01-02-14,248.454801391
02-02-14,248.35076911
03-02-14,248.617744388
04-02-14,249.18169296
05-02-14,249.706782459
06-02-14,250.068009237
07-02-14,250.429400445
08-02-14,251.493534083
09-02-14,251.63514734
10-02-14,251.975917364
11-02-14,251.838964459
12-02-14,251.391932321
13-02-14,251.171786679
14-02-14,251.14572501
15-02-14,251.275801146
16-02-14,250.891899179
17-02-14,250.473653667
18-02-14,250.020189786
19-02-14,249.524287042
20-02-14,249.193639158
21-02-14,248.849677061
22-02-14,248.520645514
23-02-14,248.053081178
24-02-14,247.659260901
25-02-14,247.607307371
26-02-14,247.508699854
27-02-14,247.388357853
28-02-14,247.178136219
01-03-14,247.657018519
02-03-14,247.810235467
03-03-14,248.003904723
04-03-14,248.016672554
05-03-14,247.835373039
06-03-14,247.44933027
07-03-14,247.028425737
08-03-14,246.60867915
09-03-14,246.199291697
10-03-14,245.820481395
11-03-14,245.483990446
12-03-14,245.207209371
13-03-14,244.98659884
14-03-14,244.82025112
15-03-14,244.69887313
16-03-14,244.600637461
17-03-14,244.525890322
18-03-14,244.482745437
19-03-14,244.465188626
20-03-14,244.441798915
21-03-14,244.475852387
22-03-14,244.59475503
23-03-14,244.729193649
24-03-14,244.922430017
25-03-14,245.174606501
26-03-14,245.444771333
27-03-14,245.487053039
28-03-14,245.400198698
29-03-14,245.33967393
30-03-14,245.303370992
31-03-14,245.580784174
01-04-14,246.055070272
02-04-14,246.250592002
03-04-14,246.227035572
04-04-14,246.209791023
05-04-14,246.145080243
06-04-14,246.027426337
07-04-14,245.915339946
08-04-14,245.858954914
09-04-14,245.744902641
10-04-14,245.658277614
11-04-14,245.636133048
12-04-14,245.580521534
13-04-14,245.518967468
14-04-14,245.463226878
15-04-14,245.445626362
16-04-14,245.517687788
17-04-14,245.524893066
18-04-14,245.501327011
19-04-14,245.589949632
20-04-14,245.733426591
21-04-14,245.894770892
22-04-14,245.965852722
23-04-14,246.16326735
24-04-14,246.280973104
25-04-14,246.469178223
26-04-14,246.704013941
27-04-14,246.622230001
28-04-14,246.507744132
29-04-14,246.406602561
30-04-14,246.384942184
01-05-14,246.348281939
02-05-14,246.268105262
03-05-14,246.17327383
04-05-14,246.087884331
05-05-14,246.019242629
06-05-14,245.983608686
07-05-14,245.980012703
08-05-14,245.960752103
09-05-14,245.938914312
10-05-14,245.924321316
11-05-14,245.935161559
12-05-14,245.91658738
13-05-14,245.896856551
14-05-14,245.867344558
15-05-14,245.830481304
16-05-14,245.79192106
17-05-14,245.756895357
18-05-14,245.731065469
19-05-14,245.747467412
20-05-14,245.887860053
21-05-14,246.175209834
22-05-14,246.457823933
23-05-14,246.727177656
24-05-14,246.726848827
25-05-14,246.644145947
26-05-14,246.554910425
27-05-14,246.488742481
28-05-14,246.524056868
29-05-14,246.639987919
30-05-14,246.722375962
31-05-14,246.675028416
01-06-14,246.580811293
02-06-14,246.474176955
03-06-14,246.385709883
04-06-14,246.333495226
05-06-14,246.295533163
06-06-14,246.421656143
07-06-14,246.582564637
08-06-14,246.607226031
09-06-14,246.635893701
10-06-14,246.627469621
11-06-14,246.550780119
12-06-14,246.457453491
13-06-14,246.374483821
14-06-14,246.305499745
15-06-14,246.242963018
16-06-14,246.189250887
17-06-14,246.145243239
18-06-14,246.10781193
19-06-14,246.07762621
20-06-14,246.14126008
21-06-14,246.423900505
22-06-14,246.631126816
23-06-14,246.845863236
24-06-14,247.028910786
25-06-14,247.0219221
26-06-14,246.9258359
27-06-14,246.817056121
28-06-14,246.855254406
29-06-14,246.885346023
30-06-14,246.85035713
01-07-14,246.829046487
02-07-14,246.857129323
03-07-14,246.810905747
04-07-14,246.735939846
05-07-14,246.690165989
06-07-14,246.967712518
07-07-14,247.019935432
08-07-14,247.002016433
09-07-14,246.946701923
10-07-14,246.862503513
11-07-14,246.776038801
12-07-14,246.703744088
13-07-14,246.646314608
14-07-14,246.603845106
15-07-14,246.566098773
16-07-14,246.526152205
17-07-14,246.489216689
18-07-14,246.462804485
19-07-14,246.58373168
20-07-14,246.778821019
21-07-14,246.803511284
22-07-14,246.757298687
23-07-14,246.685453515
24-07-14,246.627655786
25-07-14,246.58405464
26-07-14,246.545508758
27-07-14,246.504668833
28-07-14,246.464424468
29-07-14,246.431620556
30-07-14,246.400556958
31-07-14,246.36838923
01-08-14,246.34391459
02-08-14,246.361666704
03-08-14,246.442082878
04-08-14,246.460043253
05-08-14,246.438082759
06-08-14,246.405008656
07-08-14,246.384628734
08-08-14,246.507656991
09-08-14,246.769189991
10-08-14,246.816568209
11-08-14,246.828448863
12-08-14,246.767897649
13-08-14,246.749606784
14-08-14,246.701904956
15-08-14,246.641428568
16-08-14,246.577004998
17-08-14,246.514352626
18-08-14,246.456469227
19-08-14,246.407728058
20-08-14,246.368797927
21-08-14,246.336102721
22-08-14,246.305269821
23-08-14,246.278357383
24-08-14,246.251686009
25-08-14,246.223777147
26-08-14,246.225501457
27-08-14,246.281408565
28-08-14,246.289253062
29-08-14,246.277859448
30-08-14,246.249600686
31-08-14,246.215610747
01-09-14,246.178198729
02-09-14,246.140531291
03-09-14,246.10744015
04-09-14,246.082925075
05-09-14,246.068526227
06-09-14,246.048151809
07-09-14,246.101894995
08-09-14,246.226849339
09-09-14,246.22687148
10-09-14,246.206094239
11-09-14,246.229766554
12-09-14,246.2077209
13-09-14,246.191319317
14-09-14,246.240147117
15-09-14,246.302462729
16-09-14,246.453846733
17-09-14,246.53937856
18-09-14,246.616580214
19-09-14,246.651422077
20-09-14,246.632517043
21-09-14,246.565201715
22-09-14,246.538547531
23-09-14,246.586000844
24-09-14,246.55620526
25-09-14,246.493439829
26-09-14,246.421406411
27-09-14,246.355316914
28-09-14,246.319815683
29-09-14,246.341699496
30-09-14,246.326622812
01-10-14,246.300059596
02-10-14,246.265479397
03-10-14,246.230522026
04-10-14,246.202606335
05-10-14,246.204017204
06-10-14,246.21242194
07-10-14,246.299336619
08-10-14,246.636483444
09-10-14,246.986922466
10-10-14,247.027098279
11-10-14,246.940825221
12-10-14,246.867738446
13-10-14,246.925571471
14-10-14,247.010433774
15-10-14,247.414001825
16-10-14,248.780534509
17-10-14,249.23006431
18-10-14,249.02859101
19-10-14,248.689937223
20-10-14,248.334753076
21-10-14,248.011175298
22-10-14,247.746314366
23-10-14,247.546851061
24-10-14,247.411212919
25-10-14,247.322270052
26-10-14,247.250891052
27-10-14,247.198911349
28-10-14,247.195827501
29-10-14,247.208574366
30-10-14,247.18765534
31-10-14,247.156876509
01-11-14,247.290982
02-11-14,247.3626254
03-11-14,247.967752573
04-11-14,248.363455243
05-11-14,248.544600847
06-11-14,248.463646951
07-11-14,248.580793865
08-11-14,248.663394798
09-11-14,248.715762783
10-11-14,248.594691457
11-11-14,248.869498124
12-11-14,249.008114547
13-11-14,249.474426124
14-11-14,249.69847465
15-11-14,249.926747928
16-11-14,250.14268824
17-11-14,250.057197201
18-11-14,249.749953438
19-11-14,249.635927333
20-11-14,249.639117213
21-11-14,249.324640049
22-11-14,249.446999153
23-11-14,249.988977718
24-11-14,249.756895946
25-11-14,249.424586886
26-11-14,249.06930821
27-11-14,248.688201543
28-11-14,248.545371513
29-11-14,248.300542707
30-11-14,247.992846063
01-12-14,247.683961357
02-12-14,247.420611699
03-12-14,247.235763245
04-12-14,247.061439882
05-12-14,246.926938051
06-12-14,246.805766793
07-12-14,246.711130129
08-12-14,246.652019096
09-12-14,246.60095168
10-12-14,246.551702084
11-12-14,246.519930529
12-12-14,246.499353555
13-12-14,247.155079653
14-12-14,247.438487744
15-12-14,247.402996216
16-12-14,247.446087396
17-12-14,247.388251107
18-12-14,247.276232783
19-12-14,247.165129629
20-12-14,247.076779005
21-12-14,247.009278606
22-12-14,246.952062793
23-12-14,246.90848465
24-12-14,246.88188701
25-12-14,246.863854551
26-12-14,246.852159208
27-12-14,246.851169657
28-12-14,246.948926022
29-12-14,246.959848699
30-12-14,246.933187177
31-12-14,246.903973172
01-01-15,246.883940741
02-01-15,246.868316876
03-01-15,246.856568152
04-01-15,246.846567314
05-01-15,246.838242787
06-01-15,246.830667174
07-01-15,246.822316881
08-01-15,246.817189672
09-01-15,246.817420471
10-01-15,246.807874394
11-01-15,246.837892928
12-01-15,246.844408521
13-01-15,246.988765599
14-01-15,247.112530043
15-01-15,247.628748498
16-01-15,247.918582037
17-01-15,247.930862687
18-01-15,248.019112105
19-01-15,248.025580188
20-01-15,248.041053767
21-01-15,248.106305906
22-01-15,248.14727467
23-01-15,248.033414422
24-01-15,247.860386735
25-01-15,247.702513447
26-01-15,247.574994202
27-01-15,247.48513358
28-01-15,247.437312108
29-01-15,247.531534043
30-01-15,248.209858675
31-01-15,248.875076665
01-02-15,249.023692445
02-02-15,249.291950135
03-02-15,249.416588017
04-02-15,249.33714865
05-02-15,249.125759238
06-02-15,248.967635315
07-02-15,248.717775917
08-02-15,248.453340927
09-02-15,248.201212966
10-02-15,247.99636384
11-02-15,247.845923685
12-02-15,247.827193158
13-02-15,247.889421144
14-02-15,247.969356569
15-02-15,248.265588296
16-02-15,248.294765325
17-02-15,248.287699333
18-02-15,248.152380913
19-02-15,248.009171124
20-02-15,248.000495712
21-02-15,248.220522008
22-02-15,248.190512205
23-02-15,248.371649413
24-02-15,248.534952722
25-02-15,248.470296047
26-02-15,248.368126413
27-02-15,248.297589938
28-02-15,248.276047186
01-03-15,248.286302582
02-03-15,248.72966537
03-03-15,249.039644428
04-03-15,248.984206946
05-03-15,248.758995673
06-03-15,248.526999664
07-03-15,248.323334711
08-03-15,248.157757266
09-03-15,248.033548155
10-03-15,247.944954848
11-03-15,247.88657398
12-03-15,247.853840642
13-03-15,247.844879957
14-03-15,247.820039652
15-03-15,247.794722044
16-03-15,247.776729893
17-03-15,247.754123515
18-03-15,247.730387055
19-03-15,247.70641654
20-03-15,247.683644309
21-03-15,247.654943277
22-03-15,247.629855926
23-03-15,247.615118188
24-03-15,247.651397968
25-03-15,247.64505024
26-03-15,247.679819704
27-03-15,247.743899013
28-03-15,247.726594634
29-03-15,247.689093095
30-03-15,247.64543269
31-03-15,247.604947783
01-04-15,247.561591652
02-04-15,247.510634205
03-04-15,247.461363043
04-04-15,247.418205385
05-04-15,247.3831517
06-04-15,247.348795145
07-04-15,247.31806035
08-04-15,247.28847263
09-04-15,247.305106178
10-04-15,247.497729606
11-04-15,247.589089961
12-04-15,247.554693324
13-04-15,247.486015276
14-04-15,247.412521497
15-04-15,247.38491642
16-04-15,247.516250919
17-04-15,247.564100031
18-04-15,247.606175721
19-04-15,247.669209959
20-04-15,247.645016921
21-04-15,247.578907659
22-04-15,247.604610202
23-04-15,247.646919838
24-04-15,247.648056471
25-04-15,247.769767086
26-04-15,248.206096136
27-04-15,248.302104862
28-04-15,248.269577678
29-04-15,248.13547899
30-04-15,248.037448688
01-05-15,248.071764407
02-05-15,248.12352967
03-05-15,248.250134509
04-05-15,248.645336657
05-05-15,248.853781462
06-05-15,248.737508465
07-05-15,248.550468989
08-05-15,248.44136335
09-05-15,248.328621645
10-05-15,248.194574928
11-05-15,248.081152032
12-05-15,247.988091487
13-05-15,247.908218785
14-05-15,247.86700794
15-05-15,247.846775228
16-05-15,247.816981332
17-05-15,247.774899111
18-05-15,247.731432616
19-05-15,247.701355366
20-05-15,247.692343472
21-05-15,247.686806759
22-05-15,247.655956133
23-05-15,247.618745335
24-05-15,247.585244912
25-05-15,247.554902148
26-05-15,247.526610181
27-05-15,247.496706842
28-05-15,247.464820126
29-05-15,247.434143413
30-05-15,247.407325312
31-05-15,247.392407446
01-06-15,247.40196993
02-06-15,247.395420234
03-06-15,247.369685996
04-06-15,247.336302249
05-06-15,247.30516051
06-06-15,247.277853298
07-06-15,247.250800983
08-06-15,247.225642135
09-06-15,247.200377804
10-06-15,247.179287003
11-06-15,247.163458206
12-06-15,247.145713578
13-06-15,247.133571858
14-06-15,247.205581004
15-06-15,247.268731048
16-06-15,247.257397829
17-06-15,247.215044373
18-06-15,247.16020326
19-06-15,247.104936622
20-06-15,247.054984559
21-06-15,247.012637886
22-06-15,246.977347394
23-06-15,246.949511053
24-06-15,246.931220155
25-06-15,246.904654884
26-06-15,246.871582782
27-06-15,246.835058085
28-06-15,246.798329336
29-06-15,246.764990333
30-06-15,246.731618187
01-07-15,246.698062807
02-07-15,246.696804759
03-07-15,246.682581498
04-07-15,246.653961693
05-07-15,246.624360295
06-07-15,246.592746152
07-07-15,246.55648016
08-07-15,246.522606391
09-07-15,246.488647002
10-07-15,246.451320792
11-07-15,246.414480428
12-07-15,246.379179697
13-07-15,246.344857533
14-07-15,246.309699665
15-07-15,246.272629018
16-07-15,246.235375679
17-07-15,246.198478729
18-07-15,246.163327888
19-07-15,246.130533484
20-07-15,246.097897783
21-07-15,246.067559143
22-07-15,246.037286845
23-07-15,246.003057159
24-07-15,245.967201291
25-07-15,245.936691585
26-07-15,245.902287207
27-07-15,245.870435137
28-07-15,245.8382062
29-07-15,245.80581525
30-07-15,245.781736349
31-07-15,245.862053247
01-08-15,245.881266523
02-08-15,245.856553975
03-08-15,245.811585304
04-08-15,245.765311219
05-08-15,245.71947928
06-08-15,245.675284891
07-08-15,245.633288439
08-08-15,245.59191875
09-08-15,245.551032015
10-08-15,245.50825559
11-08-15,245.464104317
12-08-15,245.420360685
13-08-15,245.433391397
14-08-15,245.472815413
15-08-15,245.482935222
16-08-15,245.47121234
17-08-15,245.459681028
18-08-15,245.445536395
19-08-15,245.411021465
20-08-15,245.363531785
21-08-15,245.311074498
22-08-15,245.259792872
23-08-15,245.246211512
24-08-15,245.29903179
25-08-15,245.306661802
26-08-15,245.294025509
27-08-15,245.409124998
28-08-15,245.494137232
29-08-15,245.510063539
30-08-15,245.465792595
31-08-15,245.459686914
01-09-15,245.509994108
02-09-15,245.498456818
03-09-15,245.466176366
04-09-15,245.423596361
05-09-15,245.379145735
06-09-15,245.329444867
07-09-15,245.276836148
08-09-15,245.224434874
09-09-15,245.176117387
10-09-15,245.143377765
11-09-15,245.113238137
12-09-15,245.098920593
13-09-15,245.139506921
14-09-15,245.206258174
15-09-15,245.760622628
16-09-15,246.785353748
17-09-15,246.894195462
18-09-15,246.806742958
19-09-15,246.593146419
20-09-15,246.373681961
21-09-15,246.180572451
22-09-15,246.04144221
23-09-15,245.954392976
24-09-15,245.888029769
25-09-15,245.822523344
26-09-15,245.767475052
27-09-15,245.721526338
28-09-15,245.683432476
29-09-15,245.648977819
30-09-15,245.621725124
01-10-15,245.604689931
02-10-15,245.588449875
03-10-15,245.581335464
04-10-15,245.833302257
05-10-15,246.396136338
06-10-15,247.072516046
07-10-15,247.074951045
08-10-15,246.936714649
09-10-15,246.774158819
10-10-15,246.655479815
11-10-15,246.713467235
12-10-15,247.024991261
13-10-15,247.033548433
14-10-15,246.938034287
15-10-15,246.832442032
16-10-15,246.748525395
17-10-15,246.697472983
18-10-15,246.698088696
19-10-15,246.914847835
20-10-15,247.026089992
21-10-15,246.991986138
22-10-15,246.921571397
23-10-15,246.860930501
24-10-15,246.840189647
25-10-15,246.848634268
26-10-15,246.923977368
27-10-15,247.185988342
28-10-15,247.531072847
29-10-15,247.740471896
30-10-15,247.696929616
31-10-15,247.548860048
01-11-15,247.412565564
02-11-15,247.298985999
03-11-15,247.457875565
04-11-15,247.57442565
05-11-15,247.691361899
06-11-15,247.725481024
07-11-15,247.646830671
08-11-15,247.540682905
09-11-15,247.451010491
10-11-15,247.386762394
11-11-15,247.340074965
12-11-15,247.307249065
13-11-15,247.282668141
14-11-15,247.264280139
15-11-15,247.241846956
16-11-15,247.220316481
17-11-15,247.20788514
18-11-15,247.20128796
19-11-15,247.190674965
20-11-15,247.174458029
21-11-15,247.298751508
22-11-15,247.461419971
23-11-15,247.544457122
24-11-15,247.519547672
25-11-15,247.49696631
26-11-15,247.467179492
27-11-15,247.439129578
28-11-15,247.408819759
29-11-15,247.368594732
30-11-15,247.32963889
01-12-15,247.295506386
02-12-15,247.266740705
03-12-15,247.245421604
04-12-15,247.271297576
05-12-15,247.262488302
06-12-15,247.23906752
07-12-15,247.210919349
08-12-15,247.330951303
09-12-15,247.360711816
10-12-15,247.34385811
11-12-15,247.312592862
12-12-15,247.280992303
13-12-15,247.253433106
14-12-15,247.413624039
15-12-15,247.528705023
16-12-15,247.513969978
17-12-15,247.440125564
18-12-15,247.444434365
19-12-15,247.405206672
20-12-15,247.564327095
21-12-15,247.614152341
22-12-15,247.578315696
23-12-15,247.555428374
24-12-15,247.563422133
25-12-15,247.535980912
26-12-15,247.488300633
27-12-15,247.433328399
28-12-15,247.510527839
29-12-15,247.788491282
30-12-15,247.886614833
31-12-15,248.097411307
01-01-16,248.219182834
02-01-16,248.327260464
03-01-16,248.57848617
04-01-16,248.981437954
05-01-16,249.135879382
06-01-16,249.230498911
07-01-16,250.12261213
08-01-16,251.169176299
09-01-16,251.283544247
10-01-16,252.0
11-01-16,251.829221479
12-01-16,251.20455336
13-01-16,250.523013072
14-01-16,251.018061065
15-01-16,250.217970149
16-01-16,249.547514242
17-01-16,248.991010389
18-01-16,248.54369657
19-01-16,247.974263213
20-01-16,247.399702488
21-01-16,246.929472648
22-01-16,246.559352235
23-01-16,246.160215686
24-01-16,245.685638098
25-01-16,245.622244631
26-01-16,245.40198151
27-01-16,245.043786057
28-01-16,245.398737543
29-01-16,245.20197583
30-01-16,244.913168903
31-01-16,244.683051193
01-02-16,244.44047799
02-02-16,244.193092373
03-02-16,243.982282878
04-02-16,243.781347341
05-02-16,243.606354465
06-02-16,243.700765168
07-02-16,244.113268521
08-02-16,244.201752043
09-02-16,244.761971152
10-02-16,245.628059447
11-02-16,245.97397384
12-02-16,247.275515272
13-02-16,248.295621439
14-02-16,248.834937935
15-02-16,248.924915906
16-02-16,248.505219534
17-02-16,248.171995408
18-02-16,247.943755218
19-02-16,247.518037949
20-02-16,247.061754894
21-02-16,246.610324518
22-02-16,246.191208997
23-02-16,245.826312543
24-02-16,245.691435746
25-02-16,245.554264213
26-02-16,245.756922559
27-02-16,245.960022691
28-02-16,245.945639684
29-02-16,245.731790231
01-03-16,245.442574804
02-03-16,245.2157229
03-03-16,244.999455037
04-03-16,244.964922196
05-03-16,245.132280381
06-03-16,245.247791182
07-03-16,245.427475844
08-03-16,245.376861559
09-03-16,245.4463914
10-03-16,245.324482468
11-03-16,245.132545746
12-03-16,244.933701938
13-03-16,244.746417731
14-03-16,244.587036579
15-03-16,244.471390683
16-03-16,244.390220064
17-03-16,244.333447818
18-03-16,244.429055936
19-03-16,244.734191391
20-03-16,244.960873493
21-03-16,245.001204291
22-03-16,244.919545112
23-03-16,244.827231973
24-03-16,244.740203745
25-03-16,244.678456051
26-03-16,244.808271623
27-03-16,245.039255796
28-03-16,245.667598753
29-03-16,246.445435977
30-03-16,246.729681709
31-03-16,247.29612131
01-04-16,247.119695564
02-04-16,246.868883574
03-04-16,246.923832965
04-04-16,247.14078193
05-04-16,247.045517144
06-04-16,246.810937131
07-04-16,246.559241081
08-04-16,246.344544814
09-04-16,246.260886682
10-04-16,246.635009626
11-04-16,246.993244827
12-04-16,246.969866106
13-04-16,246.990141696
14-04-16,247.249124093
15-04-16,247.348901473
16-04-16,247.777173464
17-04-16,248.208619476
18-04-16,248.092278995
19-04-16,248.004622511
20-04-16,247.899775424
21-04-16,247.648786276
22-04-16,247.440707955
23-04-16,247.399119738
24-04-16,247.22510669
25-04-16,246.940613479
26-04-16,246.663600321
27-04-16,246.433757438
28-04-16,246.26850225
29-04-16,246.122311906
30-04-16,246.010651214
01-05-16,245.914620053
02-05-16,245.831884113
03-05-16,245.76354138
04-05-16,245.709273179
05-05-16,245.680537307
06-05-16,245.93056357
07-05-16,246.173450937
08-05-16,246.472792097
09-05-16,246.672811894
10-05-16,246.851319392
11-05-16,247.018394623
12-05-16,247.411146482
13-05-16,247.530335066
14-05-16,247.45421397
15-05-16,247.298945691
16-05-16,247.06435904
17-05-16,246.828036922
18-05-16,246.633268109
19-05-16,246.528096322
20-05-16,246.44470093
21-05-16,246.364521915
22-05-16,246.554031348
23-05-16,246.544137868
24-05-16,246.530172613
25-05-16,246.612650784
26-05-16,246.636984731
27-05-16,246.606360118
28-05-16,246.746228307
29-05-16,246.995887154
30-05-16,247.14934617
31-05-16,247.16525648
01-06-16,247.026084052
02-06-16,246.862998448
03-06-16,246.734988033
04-06-16,246.64665745
05-06-16,246.58847334
06-06-16,246.605469893
07-06-16,246.617542468
08-06-16,246.577329096
09-06-16,246.535745966
10-06-16,246.553857751
11-06-16,246.54516124
12-06-16,246.527517908
13-06-16,246.573936473
14-06-16,246.637270608
15-06-16,246.946268762
16-06-16,247.309990196
17-06-16,247.483586871
18-06-16,247.412431297
19-06-16,247.262763363
20-06-16,247.101118172
21-06-16,246.960846202
22-06-16,246.854507174
23-06-16,247.006966791
24-06-16,247.046231772
25-06-16,247.033155914
26-06-16,246.974910876
27-06-16,246.902606104
28-06-16,246.833986585
29-06-16,246.781416121
30-06-16,246.742444539
01-07-16,246.722372638
02-07-16,246.707276919
03-07-16,246.678184362
04-07-16,246.641382514
05-07-16,246.615260623
06-07-16,246.603308055
07-07-16,246.627746145
08-07-16,246.608063162
09-07-16,246.578698941
10-07-16,246.546436257
11-07-16,246.529129536
12-07-16,246.526191391
13-07-16,246.515295154
14-07-16,246.495697054
15-07-16,246.468459939
16-07-16,246.43682308
17-07-16,246.406804556
18-07-16,246.379862045
19-07-16,246.35510212
20-07-16,246.331992691
21-07-16,246.310642947
22-07-16,246.296203922
23-07-16,246.289619112
24-07-16,246.268524937
25-07-16,246.236997946
26-07-16,246.204931763
27-07-16,246.17656923
28-07-16,246.148449784
29-07-16,246.117635979
30-07-16,246.085950747
31-07-16,246.058256289
01-08-16,246.035614675
02-08-16,246.007483048
03-08-16,245.975239891
04-08-16,245.950690108
05-08-16,245.946238254
06-08-16,245.921312754
07-08-16,245.884866037
08-08-16,245.842246512
09-08-16,245.800227023
10-08-16,245.763698006
11-08-16,245.727458455
12-08-16,245.692472023
13-08-16,245.656338906
14-08-16,245.620649194
15-08-16,245.586491251
16-08-16,245.554263647
17-08-16,245.525688473
18-08-16,245.509982574
19-08-16,245.488079368
20-08-16,245.473861826
21-08-16,245.446982023
22-08-16,245.410237747
23-08-16,245.367350848
24-08-16,245.323809346
25-08-16,245.330838604
26-08-16,245.335011524
27-08-16,245.317741874
28-08-16,245.286610216
29-08-16,245.247806758
30-08-16,245.206056953
31-08-16,245.162597234
01-09-16,245.119299417
02-09-16,245.076403052
03-09-16,245.035255306
04-09-16,244.993531011
05-09-16,244.950658046
06-09-16,244.90777162
07-09-16,244.866736303
08-09-16,244.828199805
09-09-16,244.791767276
10-09-16,244.754141
11-09-16,244.719418865
12-09-16,244.683449858
13-09-16,244.824986813
14-09-16,245.053436963
15-09-16,245.227283812
16-09-16,245.269821497
17-09-16,245.239696064
18-09-16,245.173461412
19-09-16,245.098690719
20-09-16,245.027104243
21-09-16,244.963675883
22-09-16,244.912821736
23-09-16,244.870438373
24-09-16,244.831984277
25-09-16,244.906695982
26-09-16,244.916817532
27-09-16,244.905219683
28-09-16,244.888651753
29-09-16,244.854311378
30-09-16,244.810832313
01-10-16,244.776143417
02-10-16,244.7460985
03-10-16,244.713554882
04-10-16,244.678053014
05-10-16,244.649116909
06-10-16,244.621802134
07-10-16,244.590060467
08-10-16,244.55439319
09-10-16,244.519708361
10-10-16,244.483716512
11-10-16,244.454321525
12-10-16,244.552647597
13-10-16,244.712845845
14-10-16,244.791603178
15-10-16,244.807013404
16-10-16,244.922040685
17-10-16,245.04963565
18-10-16,245.076035325
19-10-16,245.038427422
20-10-16,244.98689056
21-10-16,244.932948683
22-10-16,244.88805648
23-10-16,245.062197402
24-10-16,245.123658883
25-10-16,245.141791433
26-10-16,245.118942625
27-10-16,245.072596748
28-10-16,245.021450004
29-10-16,244.972887734
30-10-16,244.929153415
31-10-16,244.889492842
01-11-16,244.854054888
02-11-16,244.826897202
03-11-16,244.80795036
04-11-16,244.828317372
05-11-16,245.038389513
06-11-16,245.157845804
07-11-16,245.211776671
08-11-16,245.244771425
09-11-16,245.40062234
10-11-16,245.429896428
11-11-16,245.413405448
12-11-16,245.447646183
13-11-16,245.542499511
14-11-16,245.524123783
15-11-16,245.471882724
16-11-16,245.411544226
17-11-16,245.358769431
18-11-16,245.344840093
19-11-16,245.358121269
20-11-16,245.545313575
21-11-16,245.994583717
22-11-16,246.156101083
23-11-16,246.106770406
24-11-16,246.178432075
25-11-16,246.42044643
26-11-16,246.391095498
27-11-16,246.317949807
28-11-16,246.222293548
29-11-16,246.135109098
30-11-16,246.06579839
01-12-16,246.009901917
02-12-16,245.969424343
03-12-16,245.937271902
04-12-16,245.916572658
05-12-16,245.895977451
06-12-16,245.87630841
07-12-16,245.859518928
08-12-16,245.847230921
09-12-16,245.833996745
10-12-16,245.817512458
11-12-16,245.806305395
12-12-16,245.800754495
13-12-16,245.800196454
14-12-16,245.943236428
15-12-16,246.053481863
16-12-16,246.328400051
17-12-16,246.398618461
18-12-16,246.361411393
19-12-16,246.290346821
20-12-16,246.232015917
21-12-16,246.195415073
22-12-16,246.176577469
23-12-16,246.161341728
24-12-16,246.147971605
25-12-16,246.127115344
26-12-16,246.103305448
27-12-16,246.08300921
28-12-16,246.062235591
29-12-16,246.042928777
30-12-16,246.024918993
31-12-16,246.009614205
01-01-17,245.997833171
02-01-17,246.041742772
03-01-17,246.081024662
04-01-17,246.091453422
05-01-17,246.086952324
06-01-17,246.075344026
07-01-17,246.061365888
08-01-17,246.04553152
09-01-17,246.030369785
10-01-17,246.022381035
11-01-17,246.029108417
12-01-17,246.038601999
13-01-17,246.082632853
14-01-17,246.111535813
15-01-17,246.113824889
16-01-17,246.109125322
17-01-17,246.100410385
18-01-17,246.081595138
19-01-17,246.05905921
20-01-17,246.041461031
21-01-17,246.025933969
22-01-17,246.012785999
23-01-17,246.004387206
24-01-17,245.997539093
25-01-17,245.988021352
26-01-17,245.99714739
27-01-17,246.100907003
28-01-17,246.234569619
29-01-17,246.346501427
30-01-17,246.41164121
31-01-17,246.447227299
01-02-17,246.573890643
02-02-17,246.858086798
03-02-17,247.61843693
04-02-17,248.600707005
05-02-17,249.099397171
06-02-17,248.889431465
07-02-17,248.751465651
08-02-17,248.45674643
09-02-17,248.113831423
10-02-17,247.835173755
11-02-17,247.580605724
12-02-17,247.41903026
13-02-17,247.368394249
14-02-17,247.344260495
15-02-17,247.323260388
16-02-17,247.253100409
17-02-17,247.170865996
18-02-17,247.199026757
19-02-17,247.272207156
20-02-17,247.24224045
21-02-17,247.188670244
22-02-17,247.141027358
23-02-17,247.104992321
24-02-17,247.083175585
25-02-17,247.060182413
26-02-17,247.046614359
27-02-17,247.07751698
28-02-17,247.239581743
01-03-17,247.346612187
02-03-17,247.4226721
03-03-17,247.598471864
04-03-17,247.798289214
05-03-17,247.874430527
06-03-17,247.94018258
07-03-17,247.865810991
08-03-17,247.747154222
09-03-17,247.615902005
10-03-17,247.496511836
11-03-17,247.408885862
12-03-17,247.4350643
13-03-17,247.507057647
14-03-17,247.480474633
15-03-17,247.423455475
16-03-17,247.360705744
17-03-17,247.308052069
18-03-17,247.266598136
19-03-17,247.232094804
20-03-17,247.206989996
21-03-17,247.303511752
22-03-17,247.554390035
23-03-17,247.769841922
24-03-17,247.83892441
25-03-17,247.790541225
26-03-17,247.723658103
27-03-17,247.739610343
28-03-17,247.702859139
29-03-17,247.650301771
30-03-17,247.572436805
31-03-17,247.597779366
01-04-17,247.799803251
02-04-17,247.80736809
03-04-17,247.743641845
04-04-17,247.656625957
05-04-17,247.579557075
06-04-17,247.515298221
07-04-17,247.459104788
08-04-17,247.406150866
09-04-17,247.358038072
10-04-17,247.314796027
11-04-17,247.276321243
12-04-17,247.242677422
13-04-17,247.212795821
14-04-17,247.192772762
15-04-17,247.192291108
16-04-17,247.186311123
17-04-17,247.170405622
18-04-17,247.157680367
19-04-17,247.146991884
20-04-17,247.121930555
21-04-17,247.089450395
22-04-17,247.055699761
23-04-17,247.026598501
24-04-17,247.000940357
25-04-17,246.987100316
26-04-17,247.038226794
27-04-17,247.04865063
28-04-17,247.034091155
29-04-17,247.003623147
30-04-17,247.109977717
01-05-17,247.221240839
02-05-17,247.225359039
03-05-17,247.180335913
04-05-17,247.117875065
05-05-17,247.149241353
06-05-17,247.29457691
07-05-17,247.309171435
08-05-17,247.260072868
09-05-17,247.207416594
10-05-17,247.333738198
11-05-17,247.55516343
12-05-17,247.863734556
13-05-17,248.02913041
14-05-17,248.057937558
15-05-17,247.936918593
16-05-17,247.777791415
17-05-17,247.661605125
18-05-17,247.650979366
19-05-17,247.622964575
20-05-17,247.563666566
21-05-17,247.479590899
22-05-17,247.405700159
23-05-17,247.338001414
24-05-17,247.270128623
25-05-17,247.21130999
26-05-17,247.374071409
27-05-17,247.504367435
28-05-17,247.593291596
29-05-17,247.911177351
30-05-17,247.943800598
31-05-17,247.858482524
01-06-17,247.736842594
02-06-17,247.630950863
03-06-17,247.576134624
04-06-17,247.540086959
05-06-17,247.510978595
06-06-17,247.521860602
07-06-17,247.486302697
08-06-17,247.427334941
09-06-17,247.382220335
10-06-17,247.337240722
11-06-17,247.290344143
12-06-17,247.256890873
13-06-17,247.220794156
14-06-17,247.18972506
15-06-17,247.156376186
16-06-17,247.12137614
17-06-17,247.087010178
18-06-17,247.052353113
19-06-17,247.018311748
20-06-17,246.986554805
21-06-17,246.955920693
22-06-17,246.93081115
23-06-17,246.919210983
24-06-17,246.903577467
25-06-17,246.883103753
26-06-17,246.858563464
27-06-17,246.855577128
28-06-17,246.985961454
29-06-17,247.096073847
30-06-17,247.252161174
01-07-17,247.266321009
02-07-17,247.221281778
03-07-17,247.143123424
04-07-17,247.061639555
05-07-17,246.998326054
06-07-17,246.951894846
07-07-17,246.951453918
08-07-17,246.937992972
09-07-17,246.911489085
10-07-17,246.893694742
11-07-17,246.878464495
12-07-17,246.850315768
13-07-17,246.81458803
14-07-17,246.77655075
15-07-17,246.736318109
16-07-17,246.694308568
17-07-17,246.652994987
18-07-17,246.614881675
19-07-17,246.585766354
20-07-17,246.57624403
21-07-17,246.557645881
22-07-17,246.541657847
23-07-17,246.5315996
24-07-17,246.519522088
25-07-17,246.504051781
26-07-17,246.475143935
27-07-17,246.43807282
28-07-17,246.410877201
29-07-17,246.381257377
30-07-17,246.351790239
31-07-17,246.326226822
01-08-17,246.302044667
02-08-17,246.272784261
03-08-17,246.23789157
04-08-17,246.200219458
05-08-17,246.171758389
06-08-17,246.14564831
07-08-17,246.113196276
08-08-17,246.085414809
09-08-17,246.055828066
10-08-17,246.022039505
11-08-17,245.985031609
12-08-17,245.944305766
13-08-17,245.902327465
14-08-17,245.860556865
15-08-17,245.820556208
16-08-17,245.784678065
17-08-17,245.748886121
18-08-17,245.711558384
19-08-17,245.673976137
20-08-17,245.636586268
21-08-17,245.597757604
22-08-17,245.557301535
23-08-17,245.516931935
24-08-17,245.47802311
25-08-17,245.442025658
26-08-17,245.406053784
27-08-17,245.379388686
28-08-17,245.413040566
29-08-17,245.453258708
30-08-17,245.494033511
31-08-17,245.514592798
01-09-17,245.495864367
02-09-17,245.458024831
03-09-17,245.410480674
04-09-17,245.369692317
05-09-17,245.343025554
06-09-17,245.309679048
07-09-17,245.267633604
08-09-17,245.221091474
09-09-17,245.181181727
10-09-17,245.154447878
11-09-17,245.138864334
12-09-17,245.125129413
13-09-17,245.11218594
14-09-17,245.094781266
15-09-17,245.069963924
16-09-17,245.037515148
17-09-17,245.004922434
18-09-17,244.993577608
19-09-17,244.992319173
20-09-17,244.96761082
21-09-17,244.939669532
22-09-17,244.94706093
23-09-17,244.928196239
24-09-17,244.895300658
25-09-17,244.883884684
26-09-17,244.86356497
27-09-17,244.827522275
28-09-17,244.783462696
29-09-17,244.737566483
30-09-17,244.698889619
01-10-17,244.663776897
02-10-17,244.627856717
03-10-17,244.586858494
04-10-17,244.543588765
05-10-17,244.499374441
06-10-17,244.45517086
07-10-17,244.409638773
08-10-17,244.363087825
09-10-17,244.316380161
10-10-17,244.270200325
11-10-17,244.224932889
12-10-17,244.18034452
13-10-17,244.13591294
14-10-17,244.091891373
15-10-17,244.04778112
16-10-17,244.012364022
17-10-17,244.293638034
18-10-17,244.552837904
19-10-17,244.671161337
20-10-17,244.708959208
21-10-17,244.739259676
22-10-17,244.707739716
23-10-17,244.64491231
24-10-17,244.571203164
25-10-17,244.497800734
26-10-17,244.428707692
27-10-17,244.366798653
28-10-17,244.309404564
29-10-17,244.256257963
30-10-17,244.208789674
31-10-17,244.167103429
01-11-17,244.127862012
02-11-17,244.105394947
03-11-17,244.126921439
04-11-17,244.221357668
05-11-17,244.29056874
06-11-17,244.30029833
07-11-17,244.283731144
08-11-17,244.272637515
09-11-17,244.266018149
10-11-17,244.258266793
11-11-17,244.244536642
12-11-17,244.226200977
13-11-17,244.21998776
14-11-17,244.198765745
15-11-17,244.168826354
16-11-17,244.136803714
17-11-17,244.105660517
18-11-17,244.077523224
19-11-17,244.049368346
20-11-17,244.020643374
21-11-17,243.990386856
22-11-17,243.956687554
23-11-17,244.014195098
24-11-17,244.285061372
25-11-17,244.764712116
26-11-17,244.800410066
27-11-17,244.739739323
28-11-17,244.666019512
29-11-17,244.600338336
30-11-17,244.555350626
01-12-17,244.52212621
02-12-17,244.501072623
03-12-17,244.470438238
04-12-17,244.438364536
05-12-17,244.407105548
06-12-17,244.379373475
07-12-17,244.358169003
08-12-17,244.392509393
09-12-17,244.466598831
10-12-17,245.231900364
11-12-17,246.348668291
12-12-17,246.379514356
13-12-17,246.27442517
14-12-17,246.297021031
15-12-17,246.235420864
16-12-17,246.107798568
17-12-17,245.962235378
18-12-17,245.831037885
19-12-17,245.735616768
20-12-17,245.664671321
21-12-17,245.611595367
22-12-17,245.573060868
23-12-17,245.547273166
24-12-17,245.529618887
25-12-17,245.554184018
26-12-17,245.926817429
27-12-17,246.45617168
28-12-17,246.649112666
29-12-17,246.714427684
30-12-17,246.659822075
31-12-17,246.659822075
