Date,Precipitation
01-01-08,5.41
02-01-08,9.59
03-01-08,16.90
04-01-08,1.11
05-01-08,4.92
06-01-08,0.88
07-01-08,9.35
08-01-08,8.48
09-01-08,1.28
10-01-08,4.69
11-01-08,25.03
12-01-08,1.26
13-01-08,18.36
14-01-08,6.64
15-01-08,26.72
16-01-08,11.94
17-01-08,1.71
18-01-08,0.47
19-01-08,0.01
20-01-08,0.00
21-01-08,0.00
22-01-08,0.03
23-01-08,0.00
24-01-08,0.01
25-01-08,0.00
26-01-08,0.00
27-01-08,0.00
28-01-08,0.00
29-01-08,0.00
30-01-08,1.80
31-01-08,0.09
01-02-08,10.74
02-02-08,0.01
03-02-08,15.63
04-02-08,3.02
05-02-08,0.97
06-02-08,0.00
07-02-08,0.00
08-02-08,0.00
09-02-08,0.00
10-02-08,0.00
11-02-08,0.00
12-02-08,0.00
13-02-08,0.00
14-02-08,0.00
15-02-08,0.02
16-02-08,0.00
17-02-08,0.00
18-02-08,4.67
19-02-08,6.20
20-02-08,0.74
21-02-08,0.01
22-02-08,0.00
23-02-08,0.05
24-02-08,5.61
25-02-08,0.39
26-02-08,1.36
27-02-08,9.50
28-02-08,0.10
29-02-08,0.34
01-03-08,0.11
02-03-08,0.02
03-03-08,0.10
04-03-08,0.02
05-03-08,0.01
06-03-08,0.00
07-03-08,0.00
08-03-08,0.39
09-03-08,5.62
10-03-08,13.97
11-03-08,2.18
12-03-08,0.68
13-03-08,0.02
14-03-08,0.38
15-03-08,8.07
16-03-08,1.81
17-03-08,10.06
18-03-08,2.21
19-03-08,0.01
20-03-08,0.00
21-03-08,0.80
22-03-08,12.21
23-03-08,2.97
24-03-08,4.20
25-03-08,2.11
26-03-08,11.78
27-03-08,10.32
28-03-08,2.81
29-03-08,0.03
30-03-08,19.39
31-03-08,1.17
01-04-08,0.14
02-04-08,0.00
03-04-08,0.00
04-04-08,0.00
05-04-08,0.00
06-04-08,0.01
07-04-08,17.36
08-04-08,16.74
09-04-08,27.40
10-04-08,23.84
11-04-08,3.43
12-04-08,7.04
13-04-08,8.26
14-04-08,0.00
15-04-08,0.00
16-04-08,9.72
17-04-08,20.11
18-04-08,22.57
19-04-08,16.55
20-04-08,13.32
21-04-08,7.21
22-04-08,10.21
23-04-08,5.61
24-04-08,0.01
25-04-08,0.00
26-04-08,0.01
27-04-08,0.05
28-04-08,2.97
29-04-08,8.63
30-04-08,3.50
01-05-08,1.84
02-05-08,0.00
03-05-08,0.15
04-05-08,1.77
05-05-08,0.03
06-05-08,0.71
07-05-08,6.71
08-05-08,7.17
09-05-08,5.68
10-05-08,3.19
11-05-08,1.35
12-05-08,3.97
13-05-08,9.91
14-05-08,5.77
15-05-08,6.93
16-05-08,4.96
17-05-08,6.64
18-05-08,9.06
19-05-08,1.77
20-05-08,0.15
21-05-08,6.71
22-05-08,12.93
23-05-08,23.40
24-05-08,7.72
25-05-08,4.70
26-05-08,13.50
27-05-08,5.48
28-05-08,14.04
29-05-08,8.20
30-05-08,7.55
31-05-08,1.74
01-06-08,2.60
02-06-08,1.12
03-06-08,2.61
04-06-08,0.33
05-06-08,0.96
06-06-08,0.01
07-06-08,0.00
08-06-08,1.16
09-06-08,0.00
10-06-08,1.02
11-06-08,0.00
12-06-08,0.00
13-06-08,0.00
14-06-08,0.00
15-06-08,3.55
16-06-08,13.66
17-06-08,0.00
18-06-08,0.00
19-06-08,0.26
20-06-08,0.21
21-06-08,0.11
22-06-08,0.16
23-06-08,0.17
24-06-08,0.47
25-06-08,0.09
26-06-08,0.05
27-06-08,0.00
28-06-08,0.00
29-06-08,0.03
30-06-08,0.00
01-07-08,0.50
02-07-08,3.45
03-07-08,0.78
04-07-08,2.24
05-07-08,0.91
06-07-08,0.72
07-07-08,0.51
08-07-08,0.06
09-07-08,0.02
10-07-08,8.81
11-07-08,2.61
12-07-08,1.25
13-07-08,0.09
14-07-08,0.00
15-07-08,0.00
16-07-08,0.00
17-07-08,0.00
18-07-08,0.00
19-07-08,0.00
20-07-08,0.00
21-07-08,0.00
22-07-08,0.00
23-07-08,0.01
24-07-08,0.66
25-07-08,5.80
26-07-08,0.44
27-07-08,0.79
28-07-08,1.51
29-07-08,0.00
30-07-08,0.31
31-07-08,3.24
01-08-08,0.20
02-08-08,0.05
03-08-08,0.01
04-08-08,0.01
05-08-08,0.05
06-08-08,0.49
07-08-08,1.24
08-08-08,0.09
09-08-08,0.00
10-08-08,1.51
11-08-08,6.56
12-08-08,4.10
13-08-08,0.30
14-08-08,1.12
15-08-08,0.74
16-08-08,12.50
17-08-08,0.42
18-08-08,0.86
19-08-08,0.91
20-08-08,0.01
21-08-08,2.27
22-08-08,0.13
23-08-08,0.00
24-08-08,0.89
25-08-08,0.02
26-08-08,0.01
27-08-08,0.03
28-08-08,0.20
29-08-08,8.01
30-08-08,14.86
31-08-08,1.32
01-09-08,0.06
02-09-08,0.16
03-09-08,9.89
04-09-08,1.05
05-09-08,23.93
06-09-08,1.36
07-09-08,0.00
08-09-08,0.16
09-09-08,7.25
10-09-08,0.02
11-09-08,6.45
12-09-08,0.64
13-09-08,0.01
14-09-08,0.00
15-09-08,0.02
16-09-08,0.13
17-09-08,0.97
18-09-08,3.16
19-09-08,0.02
20-09-08,0.64
21-09-08,3.79
22-09-08,1.89
23-09-08,0.02
24-09-08,0.09
25-09-08,0.00
26-09-08,0.00
27-09-08,0.00
28-09-08,0.00
29-09-08,0.01
30-09-08,0.00
01-10-08,0.00
02-10-08,0.34
03-10-08,0.35
04-10-08,0.01
05-10-08,0.33
06-10-08,1.86
07-10-08,24.46
08-10-08,2.15
09-10-08,0.00
10-10-08,0.00
11-10-08,0.00
12-10-08,1.55
13-10-08,2.96
14-10-08,0.03
15-10-08,0.11
16-10-08,3.08
17-10-08,0.65
18-10-08,0.15
19-10-08,0.00
20-10-08,0.00
21-10-08,17.73
22-10-08,0.19
23-10-08,0.00
24-10-08,0.07
25-10-08,0.00
26-10-08,0.00
27-10-08,5.05
28-10-08,3.64
29-10-08,3.50
30-10-08,16.18
31-10-08,1.46
01-11-08,7.87
02-11-08,1.72
03-11-08,11.01
04-11-08,11.21
05-11-08,0.63
06-11-08,2.68
07-11-08,2.66
08-11-08,0.29
09-11-08,0.34
10-11-08,0.60
11-11-08,18.36
12-11-08,2.70
13-11-08,0.00
14-11-08,0.00
15-11-08,0.00
16-11-08,0.00
17-11-08,0.00
18-11-08,0.52
19-11-08,0.01
20-11-08,0.02
21-11-08,0.05
22-11-08,0.41
23-11-08,0.98
24-11-08,9.50
25-11-08,2.52
26-11-08,0.06
27-11-08,0.00
28-11-08,15.54
29-11-08,10.28
30-11-08,6.92
01-12-08,1.30
02-12-08,1.35
03-12-08,17.69
04-12-08,7.48
05-12-08,2.86
06-12-08,11.45
07-12-08,10.64
08-12-08,0.19
09-12-08,5.35
10-12-08,0.54
11-12-08,8.98
12-12-08,4.27
13-12-08,29.87
14-12-08,8.81
15-12-08,3.14
16-12-08,0.04
17-12-08,0.82
18-12-08,0.00
19-12-08,0.00
20-12-08,0.00
21-12-08,0.00
22-12-08,0.00
23-12-08,0.00
24-12-08,0.00
25-12-08,0.00
26-12-08,0.02
27-12-08,2.83
28-12-08,0.57
29-12-08,2.93
30-12-08,1.65
31-12-08,5.08
01-01-09,0.11
02-01-09,12.11
03-01-09,3.88
04-01-09,0.01
05-01-09,0.10
06-01-09,0.43
07-01-09,0.08
08-01-09,0.00
09-01-09,0.39
10-01-09,0.00
11-01-09,0.00
12-01-09,8.04
13-01-09,8.75
14-01-09,0.00
15-01-09,7.69
16-01-09,0.06
17-01-09,1.94
18-01-09,4.29
19-01-09,19.25
20-01-09,9.44
21-01-09,3.76
22-01-09,15.93
23-01-09,30.99
24-01-09,7.90
25-01-09,20.26
26-01-09,7.04
27-01-09,5.37
28-01-09,20.14
29-01-09,5.54
30-01-09,13.82
31-01-09,9.35
01-02-09,5.37
02-02-09,1.11
03-02-09,5.79
04-02-09,17.76
05-02-09,7.40
06-02-09,5.95
07-02-09,2.96
08-02-09,6.63
09-02-09,14.04
10-02-09,3.98
11-02-09,0.49
12-02-09,0.02
13-02-09,0.00
14-02-09,0.00
15-02-09,0.00
16-02-09,0.00
17-02-09,0.00
18-02-09,0.00
19-02-09,0.00
20-02-09,0.06
21-02-09,0.00
22-02-09,0.00
23-02-09,0.00
24-02-09,0.00
25-02-09,0.00
26-02-09,0.00
27-02-09,0.00
28-02-09,0.76
01-03-09,1.57
02-03-09,0.02
03-03-09,0.48
04-03-09,19.91
05-03-09,12.13
06-03-09,6.54
07-03-09,1.20
08-03-09,0.15
09-03-09,0.00
10-03-09,0.00
11-03-09,0.00
12-03-09,0.00
13-03-09,0.00
14-03-09,0.00
15-03-09,0.00
16-03-09,0.00
17-03-09,0.00
18-03-09,0.00
19-03-09,0.00
20-03-09,0.00
21-03-09,0.01
22-03-09,0.00
23-03-09,0.00
24-03-09,0.00
25-03-09,0.00
26-03-09,0.00
27-03-09,0.87
28-03-09,5.90
29-03-09,1.22
30-03-09,0.00
31-03-09,0.00
01-04-09,0.00
02-04-09,0.00
03-04-09,0.02
04-04-09,1.50
05-04-09,0.01
06-04-09,9.76
07-04-09,1.70
08-04-09,0.35
09-04-09,16.37
10-04-09,9.81
11-04-09,2.82
12-04-09,0.80
13-04-09,4.14
14-04-09,5.37
15-04-09,5.22
16-04-09,7.76
17-04-09,3.50
18-04-09,8.07
19-04-09,0.00
20-04-09,0.01
21-04-09,0.00
22-04-09,0.00
23-04-09,0.00
24-04-09,2.07
25-04-09,4.33
26-04-09,1.12
27-04-09,6.40
28-04-09,2.62
29-04-09,1.06
30-04-09,6.48
01-05-09,0.00
02-05-09,0.00
03-05-09,0.00
04-05-09,0.00
05-05-09,0.00
06-05-09,0.01
07-05-09,0.04
08-05-09,0.11
09-05-09,0.63
10-05-09,16.35
11-05-09,16.12
12-05-09,3.53
13-05-09,2.77
14-05-09,2.97
15-05-09,0.17
16-05-09,13.69
17-05-09,10.22
18-05-09,0.46
19-05-09,0.01
20-05-09,0.00
21-05-09,0.02
22-05-09,0.26
23-05-09,5.65
24-05-09,1.88
25-05-09,6.52
26-05-09,0.34
27-05-09,0.00
28-05-09,0.00
29-05-09,0.00
30-05-09,0.00
31-05-09,0.03
01-06-09,0.01
02-06-09,0.01
03-06-09,0.22
04-06-09,9.43
05-06-09,11.96
06-06-09,11.42
07-06-09,8.81
08-06-09,25.63
09-06-09,11.55
10-06-09,5.98
11-06-09,0.45
12-06-09,0.01
13-06-09,0.08
14-06-09,2.49
15-06-09,0.43
16-06-09,0.03
17-06-09,0.02
18-06-09,0.01
19-06-09,0.01
20-06-09,0.00
21-06-09,0.00
22-06-09,0.00
23-06-09,0.32
24-06-09,1.06
25-06-09,3.11
26-06-09,1.42
27-06-09,1.07
28-06-09,3.05
29-06-09,2.17
30-06-09,2.17
01-07-09,1.03
02-07-09,0.36
03-07-09,2.09
04-07-09,0.28
05-07-09,4.15
06-07-09,0.33
07-07-09,0.07
08-07-09,0.00
09-07-09,0.00
10-07-09,0.00
11-07-09,0.03
12-07-09,0.66
13-07-09,0.36
14-07-09,0.91
15-07-09,0.22
16-07-09,5.29
17-07-09,0.91
18-07-09,0.15
19-07-09,0.00
20-07-09,0.01
21-07-09,1.20
22-07-09,24.38
23-07-09,4.73
24-07-09,1.77
25-07-09,0.02
26-07-09,0.06
27-07-09,1.19
28-07-09,0.00
29-07-09,0.33
30-07-09,0.09
31-07-09,0.33
01-08-09,9.81
02-08-09,0.03
03-08-09,0.04
04-08-09,0.31
05-08-09,0.90
06-08-09,1.04
07-08-09,0.29
08-08-09,0.01
09-08-09,0.00
10-08-09,0.00
11-08-09,0.00
12-08-09,0.00
13-08-09,0.01
14-08-09,0.01
15-08-09,0.04
16-08-09,0.35
17-08-09,0.13
18-08-09,0.03
19-08-09,0.05
20-08-09,1.21
21-08-09,0.00
22-08-09,0.01
23-08-09,0.00
24-08-09,2.15
25-08-09,0.09
26-08-09,0.04
27-08-09,0.09
28-08-09,0.05
29-08-09,0.00
30-08-09,0.00
31-08-09,0.02
01-09-09,0.65
02-09-09,0.21
03-09-09,1.07
04-09-09,0.92
05-09-09,0.00
06-09-09,0.00
07-09-09,0.00
08-09-09,0.00
09-09-09,0.00
10-09-09,0.02
11-09-09,0.00
12-09-09,0.03
13-09-09,0.18
14-09-09,0.00
15-09-09,0.04
16-09-09,2.35
17-09-09,4.39
18-09-09,0.71
19-09-09,5.91
20-09-09,0.45
21-09-09,0.00
22-09-09,0.00
23-09-09,0.00
24-09-09,0.01
25-09-09,0.00
26-09-09,0.00
27-09-09,0.00
28-09-09,0.00
29-09-09,0.00
30-09-09,2.22
01-10-09,0.01
02-10-09,0.03
03-10-09,0.53
04-10-09,16.89
05-10-09,9.46
06-10-09,6.08
07-10-09,31.19
08-10-09,1.33
09-10-09,0.60
10-10-09,1.13
11-10-09,0.03
12-10-09,0.00
13-10-09,0.00
14-10-09,0.00
15-10-09,0.00
16-10-09,0.00
17-10-09,0.00
18-10-09,0.00
19-10-09,2.28
20-10-09,14.60
21-10-09,17.54
22-10-09,10.14
23-10-09,1.54
24-10-09,12.34
25-10-09,5.63
26-10-09,0.07
27-10-09,0.00
28-10-09,0.00
29-10-09,0.00
30-10-09,0.43
31-10-09,4.08
01-11-09,18.87
02-11-09,1.02
03-11-09,5.45
04-11-09,9.00
05-11-09,15.79
06-11-09,7.40
07-11-09,7.06
08-11-09,2.09
09-11-09,0.73
10-11-09,1.77
11-11-09,5.55
12-11-09,14.00
13-11-09,23.57
14-11-09,3.86
15-11-09,47.46
16-11-09,22.82
17-11-09,3.36
18-11-09,0.00
19-11-09,0.01
20-11-09,3.84
21-11-09,9.85
22-11-09,2.70
23-11-09,0.53
24-11-09,0.00
25-11-09,16.35
26-11-09,1.58
27-11-09,3.42
28-11-09,17.65
29-11-09,10.45
30-11-09,6.54
01-12-09,7.13
02-12-09,11.11
03-12-09,2.56
04-12-09,0.60
05-12-09,25.02
06-12-09,47.84
07-12-09,0.77
08-12-09,0.67
09-12-09,0.01
10-12-09,0.00
11-12-09,0.00
12-12-09,0.00
13-12-09,0.02
14-12-09,0.06
15-12-09,0.00
16-12-09,25.98
17-12-09,14.14
18-12-09,0.01
19-12-09,0.02
20-12-09,0.06
21-12-09,16.63
22-12-09,15.37
23-12-09,5.54
24-12-09,16.62
25-12-09,0.01
26-12-09,0.00
27-12-09,6.11
28-12-09,27.92
29-12-09,18.03
30-12-09,11.11
31-12-09,6.90
01-01-10,4.10
02-01-10,3.34
03-01-10,8.19
04-01-10,0.31
05-01-10,0.12
06-01-10,0.47
07-01-10,1.21
08-01-10,0.97
09-01-10,0.36
10-01-10,2.56
11-01-10,0.24
12-01-10,30.66
13-01-10,22.48
14-01-10,14.57
15-01-10,2.96
16-01-10,19.50
17-01-10,2.32
18-01-10,0.82
19-01-10,5.44
20-01-10,5.44
21-01-10,1.09
22-01-10,16.08
23-01-10,5.05
24-01-10,0.19
25-01-10,0.27
26-01-10,0.02
27-01-10,0.08
28-01-10,0.02
29-01-10,3.86
30-01-10,3.13
31-01-10,3.55
01-02-10,0.02
02-02-10,0.00
03-02-10,0.33
04-02-10,16.99
05-02-10,9.24
06-02-10,1.00
07-02-10,3.18
08-02-10,2.24
09-02-10,1.37
10-02-10,0.93
11-02-10,0.01
12-02-10,0.00
13-02-10,0.01
14-02-10,0.00
15-02-10,0.03
16-02-10,0.02
17-02-10,1.98
18-02-10,1.94
19-02-10,2.35
20-02-10,1.60
21-02-10,10.93
22-02-10,23.52
23-02-10,16.55
24-02-10,43.42
25-02-10,31.65
26-02-10,3.36
27-02-10,28.77
28-02-10,10.09
01-03-10,5.99
02-03-10,2.15
03-03-10,8.47
04-03-10,0.06
05-03-10,0.08
06-03-10,0.13
07-03-10,3.36
08-03-10,0.00
09-03-10,0.00
10-03-10,0.00
11-03-10,0.00
12-03-10,0.00
13-03-10,1.57
14-03-10,0.00
15-03-10,0.00
16-03-10,0.00
17-03-10,0.00
18-03-10,1.85
19-03-10,13.64
20-03-10,23.64
21-03-10,1.54
22-03-10,0.04
23-03-10,0.23
24-03-10,2.70
25-03-10,19.92
26-03-10,21.49
27-03-10,0.68
28-03-10,1.48
29-03-10,20.98
30-03-10,13.58
31-03-10,11.76
01-04-10,3.15
02-04-10,7.29
03-04-10,12.54
04-04-10,1.17
05-04-10,0.00
06-04-10,3.30
07-04-10,0.05
08-04-10,0.00
09-04-10,0.00
10-04-10,0.00
11-04-10,0.00
12-04-10,0.85
13-04-10,0.00
14-04-10,0.01
15-04-10,7.70
16-04-10,2.51
17-04-10,10.41
18-04-10,7.23
19-04-10,0.59
20-04-10,0.09
21-04-10,6.62
22-04-10,7.16
23-04-10,0.93
24-04-10,0.03
25-04-10,0.01
26-04-10,0.00
27-04-10,0.00
28-04-10,0.92
29-04-10,2.11
30-04-10,0.66
01-05-10,0.85
02-05-10,0.28
03-05-10,3.26
04-05-10,0.41
05-05-10,0.02
06-05-10,0.05
07-05-10,8.27
08-05-10,12.92
09-05-10,5.21
10-05-10,17.07
11-05-10,4.89
12-05-10,4.45
13-05-10,2.36
14-05-10,4.64
15-05-10,0.90
16-05-10,0.00
17-05-10,0.00
18-05-10,0.00
19-05-10,0.00
20-05-10,0.00
21-05-10,0.00
22-05-10,0.00
23-05-10,0.74
24-05-10,9.75
25-05-10,10.50
26-05-10,3.96
27-05-10,1.61
28-05-10,0.08
29-05-10,0.52
30-05-10,0.41
31-05-10,0.02
01-06-10,1.18
02-06-10,0.00
03-06-10,0.01
04-06-10,0.01
05-06-10,0.61
06-06-10,0.03
07-06-10,0.73
08-06-10,9.08
09-06-10,36.80
10-06-10,27.18
11-06-10,9.33
12-06-10,1.17
13-06-10,0.62
14-06-10,0.24
15-06-10,1.79
16-06-10,0.63
17-06-10,0.00
18-06-10,0.12
19-06-10,0.26
20-06-10,0.02
21-06-10,0.00
22-06-10,0.00
23-06-10,0.01
24-06-10,0.57
25-06-10,4.14
26-06-10,1.83
27-06-10,0.01
28-06-10,0.00
29-06-10,0.00
30-06-10,0.00
01-07-10,0.08
02-07-10,6.76
03-07-10,0.08
04-07-10,0.02
05-07-10,0.00
06-07-10,0.00
07-07-10,0.15
08-07-10,9.85
09-07-10,0.15
10-07-10,0.03
11-07-10,0.04
12-07-10,0.69
13-07-10,0.86
14-07-10,1.88
15-07-10,0.01
16-07-10,1.27
17-07-10,0.00
18-07-10,0.00
19-07-10,0.02
20-07-10,0.80
21-07-10,0.26
22-07-10,0.18
23-07-10,0.00
24-07-10,0.00
25-07-10,0.00
26-07-10,0.00
27-07-10,0.00
28-07-10,0.00
29-07-10,0.00
30-07-10,0.00
31-07-10,0.01
01-08-10,0.05
02-08-10,0.01
03-08-10,0.00
04-08-10,0.01
05-08-10,0.02
06-08-10,0.00
07-08-10,0.00
08-08-10,0.00
09-08-10,0.06
10-08-10,0.00
11-08-10,0.01
12-08-10,0.29
13-08-10,0.00
14-08-10,0.00
15-08-10,0.00
16-08-10,0.00
17-08-10,0.02
18-08-10,1.96
19-08-10,0.01
20-08-10,0.01
21-08-10,0.00
22-08-10,0.12
23-08-10,3.69
24-08-10,0.37
25-08-10,0.00
26-08-10,1.84
27-08-10,0.56
28-08-10,0.00
29-08-10,0.00
30-08-10,0.00
31-08-10,0.04
01-09-10,8.46
02-09-10,0.11
03-09-10,0.01
04-09-10,0.01
05-09-10,0.02
06-09-10,6.56
07-09-10,11.06
08-09-10,3.80
09-09-10,0.07
10-09-10,0.00
11-09-10,0.02
12-09-10,0.00
13-09-10,0.00
14-09-10,0.00
15-09-10,0.40
16-09-10,11.34
17-09-10,0.04
18-09-10,0.02
19-09-10,0.00
20-09-10,0.02
21-09-10,0.03
22-09-10,0.09
23-09-10,5.44
24-09-10,2.02
25-09-10,0.26
26-09-10,0.00
27-09-10,0.00
28-09-10,0.00
29-09-10,2.93
30-09-10,0.01
01-10-10,0.19
02-10-10,1.73
03-10-10,87.44
04-10-10,3.86
05-10-10,10.90
06-10-10,13.71
07-10-10,2.38
08-10-10,21.56
09-10-10,10.09
10-10-10,0.43
11-10-10,0.26
12-10-10,0.15
13-10-10,0.00
14-10-10,0.00
15-10-10,0.00
16-10-10,0.00
17-10-10,0.00
18-10-10,0.00
19-10-10,0.00
20-10-10,0.00
21-10-10,0.00
22-10-10,0.91
23-10-10,0.14
24-10-10,5.45
25-10-10,0.01
26-10-10,0.00
27-10-10,0.00
28-10-10,0.00
29-10-10,27.05
30-10-10,32.80
31-10-10,21.53
01-11-10,1.73
02-11-10,0.23
03-11-10,0.22
04-11-10,0.02
05-11-10,0.03
06-11-10,0.15
07-11-10,2.27
08-11-10,17.19
09-11-10,22.48
10-11-10,4.48
11-11-10,2.08
12-11-10,1.55
13-11-10,16.07
14-11-10,14.95
15-11-10,5.83
16-11-10,8.30
17-11-10,9.75
18-11-10,3.21
19-11-10,20.51
20-11-10,21.54
21-11-10,7.39
22-11-10,1.20
23-11-10,0.75
24-11-10,0.00
25-11-10,0.60
26-11-10,0.01
27-11-10,0.93
28-11-10,1.04
29-11-10,6.81
30-11-10,5.07
01-12-10,1.78
02-12-10,3.81
03-12-10,0.86
04-12-10,4.60
05-12-10,21.05
06-12-10,19.79
07-12-10,15.81
08-12-10,17.25
09-12-10,0.17
10-12-10,0.04
11-12-10,0.06
12-12-10,0.00
13-12-10,0.05
14-12-10,0.01
15-12-10,0.00
16-12-10,0.00
17-12-10,1.61
18-12-10,0.02
19-12-10,1.05
20-12-10,3.69
21-12-10,15.59
22-12-10,20.48
23-12-10,3.30
24-12-10,0.09
25-12-10,0.01
26-12-10,0.00
27-12-10,2.94
28-12-10,6.20
29-12-10,0.27
30-12-10,2.87
31-12-10,2.13
01-01-11,0.03
02-01-11,0.07
03-01-11,4.15
04-01-11,18.71
05-01-11,18.82
06-01-11,35.29
07-01-11,10.94
08-01-11,25.43
09-01-11,2.58
10-01-11,1.99
11-01-11,2.64
12-01-11,0.40
13-01-11,0.01
14-01-11,0.04
15-01-11,0.00
16-01-11,5.71
17-01-11,5.20
18-01-11,7.73
19-01-11,4.00
20-01-11,0.00
21-01-11,0.00
22-01-11,0.00
23-01-11,0.00
24-01-11,0.00
25-01-11,0.00
26-01-11,0.49
27-01-11,3.48
28-01-11,1.80
29-01-11,2.88
30-01-11,0.45
31-01-11,0.28
01-02-11,0.00
02-02-11,0.00
03-02-11,0.00
04-02-11,0.05
05-02-11,0.00
06-02-11,0.00
07-02-11,0.00
08-02-11,0.79
09-02-11,1.30
10-02-11,0.03
11-02-11,9.01
12-02-11,0.11
13-02-11,17.36
14-02-11,15.41
15-02-11,9.10
16-02-11,25.11
17-02-11,6.38
18-02-11,7.20
19-02-11,1.33
20-02-11,9.01
21-02-11,5.59
22-02-11,2.29
23-02-11,0.05
24-02-11,0.00
25-02-11,0.00
26-02-11,0.49
27-02-11,0.03
28-02-11,0.56
01-03-11,0.19
02-03-11,0.23
03-03-11,0.10
04-03-11,0.54
05-03-11,0.37
06-03-11,0.15
07-03-11,0.15
08-03-11,0.12
09-03-11,0.00
10-03-11,0.00
11-03-11,0.66
12-03-11,10.17
13-03-11,8.68
14-03-11,6.82
15-03-11,11.67
16-03-11,3.74
17-03-11,0.12
18-03-11,0.00
19-03-11,0.00
20-03-11,0.00
21-03-11,0.00
22-03-11,0.06
23-03-11,1.43
24-03-11,2.97
25-03-11,6.57
26-03-11,10.80
27-03-11,17.35
28-03-11,7.57
29-03-11,9.29
30-03-11,1.46
31-03-11,0.01
01-04-11,0.00
02-04-11,0.38
03-04-11,1.09
04-04-11,0.00
05-04-11,0.00
06-04-11,0.00
07-04-11,0.01
08-04-11,0.00
09-04-11,0.06
10-04-11,0.47
11-04-11,0.01
12-04-11,0.00
13-04-11,0.00
14-04-11,0.01
15-04-11,0.00
16-04-11,0.00
17-04-11,0.20
18-04-11,16.30
19-04-11,13.23
20-04-11,14.79
21-04-11,8.51
22-04-11,6.71
23-04-11,8.80
24-04-11,0.31
25-04-11,0.09
26-04-11,0.06
27-04-11,0.00
28-04-11,0.39
29-04-11,1.64
30-04-11,6.53
01-05-11,10.12
02-05-11,5.53
03-05-11,0.19
04-05-11,0.62
05-05-11,0.00
06-05-11,8.90
07-05-11,7.91
08-05-11,4.64
09-05-11,0.00
10-05-11,0.04
11-05-11,0.39
12-05-11,0.57
13-05-11,1.59
14-05-11,0.10
15-05-11,0.00
16-05-11,0.00
17-05-11,0.82
18-05-11,0.51
19-05-11,0.30
20-05-11,0.69
21-05-11,0.41
22-05-11,0.07
23-05-11,0.26
24-05-11,0.03
25-05-11,1.97
26-05-11,0.17
27-05-11,0.02
28-05-11,0.73
29-05-11,19.97
30-05-11,7.72
31-05-11,0.03
01-06-11,0.00
02-06-11,0.00
03-06-11,0.00
04-06-11,0.09
05-06-11,1.76
06-06-11,2.94
07-06-11,1.25
08-06-11,0.62
09-06-11,0.11
10-06-11,0.45
11-06-11,0.00
12-06-11,1.04
13-06-11,0.85
14-06-11,0.07
15-06-11,0.42
16-06-11,0.30
17-06-11,2.24
18-06-11,0.35
19-06-11,0.00
20-06-11,0.04
21-06-11,0.24
22-06-11,0.12
23-06-11,0.01
24-06-11,0.00
25-06-11,0.00
26-06-11,0.01
27-06-11,2.17
28-06-11,0.27
29-06-11,0.00
30-06-11,0.00
01-07-11,0.00
02-07-11,0.00
03-07-11,0.14
04-07-11,0.01
05-07-11,0.88
06-07-11,0.80
07-07-11,1.71
08-07-11,2.04
09-07-11,8.69
10-07-11,0.27
11-07-11,0.27
12-07-11,4.08
13-07-11,0.69
14-07-11,0.37
15-07-11,0.00
16-07-11,4.08
17-07-11,0.59
18-07-11,5.30
19-07-11,0.80
20-07-11,0.76
21-07-11,0.36
22-07-11,0.00
23-07-11,0.00
24-07-11,0.22
25-07-11,0.25
26-07-11,0.12
27-07-11,0.00
28-07-11,0.00
29-07-11,0.00
30-07-11,0.00
31-07-11,0.00
01-08-11,0.01
02-08-11,0.89
03-08-11,0.01
04-08-11,1.14
05-08-11,2.34
06-08-11,6.17
07-08-11,0.51
08-08-11,0.03
09-08-11,0.00
10-08-11,0.00
11-08-11,0.01
12-08-11,0.01
13-08-11,0.74
14-08-11,3.22
15-08-11,0.08
16-08-11,0.01
17-08-11,0.17
18-08-11,0.00
19-08-11,0.00
20-08-11,0.40
21-08-11,4.09
22-08-11,9.94
23-08-11,1.57
24-08-11,0.01
25-08-11,5.26
26-08-11,1.69
27-08-11,0.00
28-08-11,0.00
29-08-11,0.04
30-08-11,6.49
31-08-11,2.24
01-09-11,5.97
02-09-11,1.52
03-09-11,4.27
04-09-11,3.06
05-09-11,0.87
06-09-11,0.00
07-09-11,0.00
08-09-11,0.11
09-09-11,0.00
10-09-11,1.67
11-09-11,2.49
12-09-11,0.37
13-09-11,0.14
14-09-11,0.00
15-09-11,0.08
16-09-11,1.56
17-09-11,0.09
18-09-11,0.71
19-09-11,0.00
20-09-11,0.00
21-09-11,0.05
22-09-11,0.04
23-09-11,0.31
24-09-11,0.07
25-09-11,0.18
26-09-11,0.12
27-09-11,0.03
28-09-11,1.15
29-09-11,0.03
30-09-11,0.00
01-10-11,0.00
02-10-11,0.00
03-10-11,0.00
04-10-11,0.00
05-10-11,0.01
06-10-11,0.08
07-10-11,0.01
08-10-11,0.00
09-10-11,0.00
10-10-11,0.00
11-10-11,0.00
12-10-11,0.00
13-10-11,0.01
14-10-11,0.00
15-10-11,0.00
16-10-11,0.00
17-10-11,0.00
18-10-11,0.03
19-10-11,0.88
20-10-11,0.00
21-10-11,0.00
22-10-11,0.16
23-10-11,46.80
24-10-11,27.75
25-10-11,9.86
26-10-11,34.07
27-10-11,16.47
28-10-11,0.08
29-10-11,0.00
30-10-11,0.00
31-10-11,11.04
01-11-11,0.01
02-11-11,12.66
03-11-11,5.79
04-11-11,1.05
05-11-11,4.62
06-11-11,0.40
07-11-11,0.00
08-11-11,5.92
09-11-11,3.31
10-11-11,0.53
11-11-11,22.66
12-11-11,0.13
13-11-11,1.79
14-11-11,3.79
15-11-11,17.49
16-11-11,3.41
17-11-11,0.01
18-11-11,7.01
19-11-11,4.99
20-11-11,4.73
21-11-11,9.80
22-11-11,0.56
23-11-11,0.16
24-11-11,0.00
25-11-11,0.00
26-11-11,0.00
27-11-11,0.06
28-11-11,0.02
29-11-11,3.37
30-11-11,1.33
01-12-11,16.45
02-12-11,3.29
03-12-11,0.44
04-12-11,2.35
05-12-11,6.44
06-12-11,1.04
07-12-11,0.78
08-12-11,0.21
09-12-11,2.10
10-12-11,7.61
11-12-11,2.21
12-12-11,0.23
13-12-11,10.66
14-12-11,7.89
15-12-11,2.45
16-12-11,13.95
17-12-11,1.98
18-12-11,0.70
19-12-11,0.01
20-12-11,0.96
21-12-11,0.37
22-12-11,0.00
23-12-11,0.21
24-12-11,0.00
25-12-11,0.00
26-12-11,0.00
27-12-11,0.00
28-12-11,0.24
29-12-11,0.01
30-12-11,0.02
31-12-11,0.85
01-01-12,17.11
02-01-12,3.17
03-01-12,0.83
04-01-12,1.94
05-01-12,0.52
06-01-12,0.09
07-01-12,0.00
08-01-12,0.00
09-01-12,0.00
10-01-12,0.00
11-01-12,0.00
12-01-12,0.00
13-01-12,0.00
14-01-12,2.41
15-01-12,6.13
16-01-12,0.06
17-01-12,0.00
18-01-12,0.02
19-01-12,0.11
20-01-12,0.06
21-01-12,0.03
22-01-12,0.00
23-01-12,0.05
24-01-12,0.00
25-01-12,0.06
26-01-12,2.89
27-01-12,0.06
28-01-12,0.00
29-01-12,0.00
30-01-12,0.00
31-01-12,0.04
01-02-12,3.49
02-02-12,0.05
03-02-12,0.00
04-02-12,0.00
05-02-12,2.14
06-02-12,0.68
07-02-12,0.81
08-02-12,0.07
09-02-12,0.05
10-02-12,0.00
11-02-12,0.00
12-02-12,0.00
13-02-12,0.17
14-02-12,1.22
15-02-12,0.02
16-02-12,0.00
17-02-12,0.00
18-02-12,0.01
19-02-12,0.19
20-02-12,0.00
21-02-12,0.00
22-02-12,0.00
23-02-12,0.00
24-02-12,0.00
25-02-12,0.00
26-02-12,0.00
27-02-12,0.00
28-02-12,0.00
29-02-12,0.09
01-03-12,0.59
02-03-12,0.13
03-03-12,2.37
04-03-12,2.86
05-03-12,0.04
06-03-12,0.00
07-03-12,0.08
08-03-12,0.01
09-03-12,0.00
10-03-12,0.00
11-03-12,0.00
12-03-12,0.00
13-03-12,0.01
14-03-12,0.00
15-03-12,0.16
16-03-12,0.30
17-03-12,12.00
18-03-12,5.32
19-03-12,0.08
20-03-12,0.00
21-03-12,0.00
22-03-12,0.00
23-03-12,0.00
24-03-12,0.07
25-03-12,0.00
26-03-12,0.00
27-03-12,0.02
28-03-12,0.00
29-03-12,0.00
30-03-12,0.00
31-03-12,0.10
01-04-12,0.23
02-04-12,0.18
03-04-12,0.02
04-04-12,2.75
05-04-12,2.90
06-04-12,9.97
07-04-12,4.72
08-04-12,0.00
09-04-12,0.02
10-04-12,12.63
11-04-12,7.57
12-04-12,5.18
13-04-12,12.47
14-04-12,13.91
15-04-12,6.88
16-04-12,0.01
17-04-12,4.59
18-04-12,28.73
19-04-12,9.38
20-04-12,7.30
21-04-12,5.19
22-04-12,1.86
23-04-12,4.53
24-04-12,2.16
25-04-12,21.04
26-04-12,6.32
27-04-12,5.00
28-04-12,4.64
29-04-12,2.50
30-04-12,4.06
01-05-12,2.18
02-05-12,7.49
03-05-12,9.95
04-05-12,11.19
05-05-12,9.55
06-05-12,2.10
07-05-12,6.02
08-05-12,13.37
09-05-12,0.87
10-05-12,0.00
11-05-12,0.61
12-05-12,0.00
13-05-12,0.04
14-05-12,0.27
15-05-12,0.00
16-05-12,0.00
17-05-12,0.03
18-05-12,2.13
19-05-12,7.81
20-05-12,4.99
21-05-12,1.04
22-05-12,0.50
23-05-12,0.00
24-05-12,0.24
25-05-12,0.60
26-05-12,3.17
27-05-12,1.02
28-05-12,0.00
29-05-12,0.29
30-05-12,0.00
31-05-12,0.00
01-06-12,2.07
02-06-12,6.43
03-06-12,0.12
04-06-12,0.13
05-06-12,1.86
06-06-12,3.46
07-06-12,10.62
08-06-12,0.84
09-06-12,1.93
10-06-12,3.80
11-06-12,9.98
12-06-12,3.25
13-06-12,0.00
14-06-12,1.02
15-06-12,3.97
16-06-12,12.59
17-06-12,10.87
18-06-12,0.30
19-06-12,0.52
20-06-12,7.00
21-06-12,5.01
22-06-12,0.00
23-06-12,0.00
24-06-12,0.02
25-06-12,0.00
26-06-12,0.00
27-06-12,0.07
28-06-12,0.45
29-06-12,0.93
30-06-12,8.35
01-07-12,0.00
02-07-12,0.06
03-07-12,0.59
04-07-12,2.45
05-07-12,3.11
06-07-12,1.74
07-07-12,6.06
08-07-12,0.86
09-07-12,0.35
10-07-12,1.07
11-07-12,0.02
12-07-12,0.00
13-07-12,3.05
14-07-12,1.81
15-07-12,0.02
16-07-12,0.00
17-07-12,0.00
18-07-12,0.04
19-07-12,0.00
20-07-12,0.00
21-07-12,0.00
22-07-12,0.00
23-07-12,0.00
24-07-12,0.00
25-07-12,1.18
26-07-12,5.64
27-07-12,2.59
28-07-12,0.44
29-07-12,0.01
30-07-12,0.00
31-07-12,0.11
01-08-12,0.58
02-08-12,0.08
03-08-12,0.00
04-08-12,5.17
05-08-12,1.83
06-08-12,0.35
07-08-12,0.00
08-08-12,0.00
09-08-12,0.00
10-08-12,0.00
11-08-12,0.01
12-08-12,0.06
13-08-12,5.02
14-08-12,23.49
15-08-12,12.30
16-08-12,0.00
17-08-12,0.00
18-08-12,0.00
19-08-12,0.54
20-08-12,0.37
21-08-12,0.16
22-08-12,0.04
23-08-12,0.87
24-08-12,6.60
25-08-12,0.77
26-08-12,0.02
27-08-12,1.05
28-08-12,0.64
29-08-12,0.05
30-08-12,0.27
31-08-12,0.00
01-09-12,0.00
02-09-12,0.00
03-09-12,0.00
04-09-12,0.00
05-09-12,0.00
06-09-12,0.00
07-09-12,0.06
08-09-12,0.44
09-09-12,0.49
10-09-12,0.11
11-09-12,1.50
12-09-12,0.03
13-09-12,0.01
14-09-12,0.00
15-09-12,0.00
16-09-12,0.00
17-09-12,0.99
18-09-12,0.45
19-09-12,0.00
20-09-12,0.03
21-09-12,0.38
22-09-12,0.02
23-09-12,19.47
24-09-12,3.29
25-09-12,20.45
26-09-12,6.16
27-09-12,0.04
28-09-12,0.01
29-09-12,0.01
30-09-12,0.00
01-10-12,0.02
02-10-12,1.96
03-10-12,0.19
04-10-12,0.00
05-10-12,0.00
06-10-12,1.69
07-10-12,0.41
08-10-12,1.07
09-10-12,3.80
10-10-12,6.34
11-10-12,10.13
12-10-12,0.37
13-10-12,3.22
14-10-12,6.66
15-10-12,0.10
16-10-12,25.31
17-10-12,26.64
18-10-12,2.39
19-10-12,1.04
20-10-12,0.05
21-10-12,0.00
22-10-12,1.28
23-10-12,0.02
24-10-12,5.98
25-10-12,0.83
26-10-12,3.11
27-10-12,0.87
28-10-12,0.00
29-10-12,0.85
30-10-12,5.44
31-10-12,0.56
01-11-12,11.28
02-11-12,2.72
03-11-12,16.74
04-11-12,1.08
05-11-12,4.84
06-11-12,0.01
07-11-12,5.76
08-11-12,4.33
09-11-12,0.98
10-11-12,10.34
11-11-12,4.17
12-11-12,0.00
13-11-12,0.00
14-11-12,0.00
15-11-12,1.13
16-11-12,7.30
17-11-12,11.97
18-11-12,0.15
19-11-12,0.00
20-11-12,14.38
21-11-12,1.65
22-11-12,0.00
23-11-12,2.74
24-11-12,3.31
25-11-12,0.29
26-11-12,6.64
27-11-12,5.25
28-11-12,3.55
29-11-12,4.32
30-11-12,4.14
01-12-12,0.38
02-12-12,0.04
03-12-12,3.19
04-12-12,9.27
05-12-12,2.38
06-12-12,17.46
07-12-12,0.21
08-12-12,0.00
09-12-12,0.00
10-12-12,0.00
11-12-12,0.00
12-12-12,2.26
13-12-12,25.44
14-12-12,57.38
15-12-12,8.20
16-12-12,19.35
17-12-12,0.89
18-12-12,7.11
19-12-12,5.35
20-12-12,16.34
21-12-12,2.61
22-12-12,0.22
23-12-12,0.00
24-12-12,14.41
25-12-12,3.39
26-12-12,0.18
27-12-12,0.67
28-12-12,0.01
29-12-12,12.54
30-12-12,1.06
31-12-12,19.70
01-01-13,1.17
02-01-13,0.00
03-01-13,0.00
04-01-13,0.00
05-01-13,0.00
06-01-13,0.00
07-01-13,0.01
08-01-13,1.03
09-01-13,5.84
10-01-13,2.02
11-01-13,1.66
12-01-13,8.36
13-01-13,5.25
14-01-13,1.79
15-01-13,1.99
16-01-13,20.48
17-01-13,13.32
18-01-13,43.52
19-01-13,24.20
20-01-13,8.06
21-01-13,4.35
22-01-13,13.65
23-01-13,5.09
24-01-13,0.76
25-01-13,7.23
26-01-13,1.12
27-01-13,16.73
28-01-13,0.29
29-01-13,0.08
30-01-13,4.68
31-01-13,1.89
01-02-13,20.68
02-02-13,4.16
03-02-13,0.04
04-02-13,0.53
05-02-13,2.12
06-02-13,5.73
07-02-13,0.49
08-02-13,0.91
09-02-13,0.02
10-02-13,19.64
11-02-13,8.77
12-02-13,3.67
13-02-13,0.87
14-02-13,0.04
15-02-13,0.01
16-02-13,0.00
17-02-13,4.84
18-02-13,0.23
19-02-13,2.78
20-02-13,0.51
21-02-13,8.61
22-02-13,7.55
23-02-13,0.08
24-02-13,1.17
25-02-13,0.33
26-02-13,1.37
27-02-13,0.84
28-02-13,0.23
01-03-13,0.00
02-03-13,0.00
03-03-13,0.05
04-03-13,0.15
05-03-13,1.53
06-03-13,12.30
07-03-13,14.54
08-03-13,6.60
09-03-13,11.72
10-03-13,15.10
11-03-13,19.14
12-03-13,8.81
13-03-13,0.97
14-03-13,2.20
15-03-13,0.00
16-03-13,4.33
17-03-13,3.82
18-03-13,3.65
19-03-13,2.34
20-03-13,0.85
21-03-13,1.35
22-03-13,14.41
23-03-13,6.64
24-03-13,9.99
25-03-13,29.56
26-03-13,18.68
27-03-13,16.90
28-03-13,12.41
29-03-13,14.12
30-03-13,3.20
31-03-13,10.98
01-04-13,11.71
02-04-13,1.45
03-04-13,4.25
04-04-13,1.65
05-04-13,0.95
06-04-13,0.09
07-04-13,4.51
08-04-13,11.20
09-04-13,5.85
10-04-13,12.76
11-04-13,36.24
12-04-13,9.26
13-04-13,0.01
14-04-13,2.13
15-04-13,0.12
16-04-13,0.00
17-04-13,0.37
18-04-13,0.14
19-04-13,0.00
20-04-13,0.00
21-04-13,0.00
22-04-13,0.00
23-04-13,0.00
24-04-13,0.14
25-04-13,0.06
26-04-13,0.26
27-04-13,4.56
28-04-13,1.73
29-04-13,0.00
30-04-13,4.53
01-05-13,1.35
02-05-13,0.00
03-05-13,0.00
04-05-13,0.01
05-05-13,0.07
06-05-13,7.56
07-05-13,2.79
08-05-13,2.32
09-05-13,2.56
10-05-13,0.01
11-05-13,0.27
12-05-13,0.00
13-05-13,0.00
14-05-13,5.68
15-05-13,4.53
16-05-13,12.63
17-05-13,10.60
18-05-13,11.81
19-05-13,6.69
20-05-13,0.00
21-05-13,0.02
22-05-13,0.00
23-05-13,0.00
24-05-13,0.00
25-05-13,0.00
26-05-13,0.35
27-05-13,2.31
28-05-13,4.34
29-05-13,6.99
30-05-13,0.96
31-05-13,0.05
01-06-13,0.59
02-06-13,0.00
03-06-13,0.00
04-06-13,0.00
05-06-13,0.05
06-06-13,0.13
07-06-13,10.83
08-06-13,2.69
09-06-13,1.39
10-06-13,2.04
11-06-13,0.80
12-06-13,0.39
13-06-13,6.83
14-06-13,0.02
15-06-13,0.09
16-06-13,9.80
17-06-13,15.06
18-06-13,4.94
19-06-13,3.47
20-06-13,2.63
21-06-13,1.55
22-06-13,0.37
23-06-13,0.01
24-06-13,0.00
25-06-13,0.00
26-06-13,0.00
27-06-13,0.00
28-06-13,0.00
29-06-13,0.00
30-06-13,0.00
01-07-13,0.01
02-07-13,0.21
03-07-13,0.10
04-07-13,0.00
05-07-13,0.00
06-07-13,0.02
07-07-13,0.00
08-07-13,0.00
09-07-13,0.00
10-07-13,0.01
11-07-13,0.03
12-07-13,0.63
13-07-13,0.83
14-07-13,0.10
15-07-13,0.64
16-07-13,0.63
17-07-13,0.01
18-07-13,0.00
19-07-13,0.92
20-07-13,0.15
21-07-13,0.34
22-07-13,0.08
23-07-13,0.02
24-07-13,0.21
25-07-13,1.29
26-07-13,0.04
27-07-13,0.91
28-07-13,7.46
29-07-13,0.70
30-07-13,0.00
31-07-13,0.00
01-08-13,0.05
02-08-13,2.50
03-08-13,0.02
04-08-13,0.00
05-08-13,0.42
06-08-13,1.63
07-08-13,4.87
08-08-13,0.07
09-08-13,0.00
10-08-13,0.00
11-08-13,0.01
12-08-13,0.01
13-08-13,0.00
14-08-13,0.00
15-08-13,0.01
16-08-13,0.08
17-08-13,0.00
18-08-13,0.01
19-08-13,0.00
20-08-13,0.00
21-08-13,0.00
22-08-13,0.05
23-08-13,0.05
24-08-13,0.03
25-08-13,0.23
26-08-13,0.00
27-08-13,0.00
28-08-13,0.02
29-08-13,0.00
30-08-13,0.00
31-08-13,0.00
01-09-13,0.00
02-09-13,0.00
03-09-13,0.00
04-09-13,0.00
05-09-13,1.39
06-09-13,0.87
07-09-13,0.01
08-09-13,0.00
09-09-13,0.01
10-09-13,0.20
11-09-13,0.00
12-09-13,0.00
13-09-13,0.00
14-09-13,0.28
15-09-13,0.00
16-09-13,0.18
17-09-13,0.00
18-09-13,0.46
19-09-13,0.09
20-09-13,0.01
21-09-13,0.00
22-09-13,0.00
23-09-13,0.00
24-09-13,1.37
25-09-13,2.83
26-09-13,0.12
27-09-13,10.92
28-09-13,12.35
29-09-13,4.02
30-09-13,12.20
01-10-13,15.29
02-10-13,20.22
03-10-13,4.52
04-10-13,1.33
05-10-13,0.03
06-10-13,0.00
07-10-13,0.00
08-10-13,0.00
09-10-13,0.00
10-10-13,0.00
11-10-13,0.00
12-10-13,0.20
13-10-13,2.97
14-10-13,2.14
15-10-13,16.41
16-10-13,8.17
17-10-13,1.02
18-10-13,18.74
19-10-13,7.37
20-10-13,3.40
21-10-13,32.03
22-10-13,33.70
23-10-13,9.26
24-10-13,23.41
25-10-13,1.51
26-10-13,0.23
27-10-13,0.21
28-10-13,9.91
29-10-13,2.56
30-10-13,0.00
31-10-13,0.01
01-11-13,15.77
02-11-13,35.47
03-11-13,2.07
04-11-13,25.07
05-11-13,3.65
06-11-13,1.83
07-11-13,7.31
08-11-13,10.55
09-11-13,6.45
10-11-13,1.33
11-11-13,0.00
12-11-13,0.01
13-11-13,0.03
14-11-13,0.00
15-11-13,0.31
16-11-13,0.87
17-11-13,0.20
18-11-13,0.91
19-11-13,3.75
20-11-13,0.02
21-11-13,2.13
22-11-13,0.04
23-11-13,0.00
24-11-13,0.02
25-11-13,0.00
26-11-13,0.00
27-11-13,0.00
28-11-13,0.00
29-11-13,0.00
30-11-13,0.11
01-12-13,0.00
02-12-13,0.00
03-12-13,0.00
04-12-13,0.00
05-12-13,0.00
06-12-13,0.00
07-12-13,0.00
08-12-13,0.00
09-12-13,0.00
10-12-13,0.00
11-12-13,0.00
12-12-13,0.61
13-12-13,2.60
14-12-13,0.00
15-12-13,0.00
16-12-13,0.00
17-12-13,7.17
18-12-13,17.28
19-12-13,13.11
20-12-13,0.26
21-12-13,0.63
22-12-13,0.56
23-12-13,3.64
24-12-13,56.31
25-12-13,12.85
26-12-13,4.30
27-12-13,19.07
28-12-13,10.07
29-12-13,0.89
30-12-13,3.93
31-12-13,11.48
01-01-14,25.68
02-01-14,11.24
03-01-14,3.38
04-01-14,25.17
05-01-14,5.92
06-01-14,25.51
07-01-14,4.63
08-01-14,23.45
09-01-14,2.23
10-01-14,0.59
11-01-14,0.01
12-01-14,5.58
13-01-14,14.63
14-01-14,8.71
15-01-14,16.24
16-01-14,8.80
17-01-14,3.53
18-01-14,13.56
19-01-14,5.83
20-01-14,2.25
21-01-14,5.72
22-01-14,5.50
23-01-14,0.69
24-01-14,0.66
25-01-14,2.87
26-01-14,5.53
27-01-14,7.48
28-01-14,13.20
29-01-14,8.09
30-01-14,11.84
31-01-14,11.32
01-02-14,14.99
02-02-14,2.40
03-02-14,18.94
04-02-14,31.91
05-02-14,5.90
06-02-14,26.70
07-02-14,15.12
08-02-14,24.92
09-02-14,22.20
10-02-14,10.52
11-02-14,11.99
12-02-14,4.10
13-02-14,8.47
14-02-14,22.47
15-02-14,8.18
16-02-14,0.20
17-02-14,4.05
18-02-14,0.76
19-02-14,0.27
20-02-14,7.77
21-02-14,4.73
22-02-14,2.06
23-02-14,0.00
24-02-14,3.47
25-02-14,15.94
26-02-14,3.60
27-02-14,5.43
28-02-14,6.09
01-03-14,26.15
02-03-14,8.62
03-03-14,12.02
04-03-14,7.10
05-03-14,0.61
06-03-14,0.00
07-03-14,0.03
08-03-14,0.00
09-03-14,0.01
10-03-14,0.00
11-03-14,0.00
12-03-14,0.00
13-03-14,0.00
14-03-14,0.02
15-03-14,0.00
16-03-14,0.00
17-03-14,0.00
18-03-14,0.06
19-03-14,0.00
20-03-14,0.01
21-03-14,3.09
22-03-14,6.75
23-03-14,1.24
24-03-14,10.81
25-03-14,11.86
26-03-14,6.80
27-03-14,0.35
28-03-14,2.12
29-03-14,1.14
30-03-14,9.33
31-03-14,11.16
01-04-14,17.86
02-04-14,3.03
03-04-14,4.20
04-04-14,3.34
05-04-14,1.58
06-04-14,0.29
07-04-14,3.57
08-04-14,0.03
09-04-14,0.31
10-04-14,3.51
11-04-14,0.00
12-04-14,0.00
13-04-14,0.00
14-04-14,0.04
15-04-14,5.43
16-04-14,1.52
17-04-14,0.05
18-04-14,3.30
19-04-14,4.89
20-04-14,8.06
21-04-14,4.48
22-04-14,4.78
23-04-14,6.97
24-04-14,13.08
25-04-14,5.92
26-04-14,7.01
27-04-14,0.25
28-04-14,1.34
29-04-14,2.60
30-04-14,2.24
01-05-14,0.02
02-05-14,0.00
03-05-14,0.00
04-05-14,0.00
05-05-14,0.05
06-05-14,0.78
07-05-14,0.03
08-05-14,0.02
09-05-14,0.09
10-05-14,0.76
11-05-14,0.82
12-05-14,0.06
13-05-14,0.00
14-05-14,0.00
15-05-14,0.00
16-05-14,0.00
17-05-14,0.00
18-05-14,0.01
19-05-14,10.97
20-05-14,6.73
21-05-14,15.19
22-05-14,16.26
23-05-14,5.14
24-05-14,1.64
25-05-14,1.85
26-05-14,1.38
27-05-14,4.71
28-05-14,4.31
29-05-14,9.01
30-05-14,0.95
31-05-14,0.09
01-06-14,0.00
02-06-14,0.01
03-06-14,0.47
04-06-14,0.35
05-06-14,1.24
06-06-14,16.44
07-06-14,2.11
08-06-14,3.22
09-06-14,3.88
10-06-14,0.00
11-06-14,0.00
12-06-14,0.00
13-06-14,0.08
14-06-14,0.00
15-06-14,0.00
16-06-14,0.00
17-06-14,0.00
18-06-14,0.00
19-06-14,1.24
20-06-14,22.83
21-06-14,11.19
22-06-14,9.50
23-06-14,14.14
24-06-14,3.30
25-06-14,0.63
26-06-14,0.40
27-06-14,1.05
28-06-14,10.86
29-06-14,1.41
30-06-14,0.63
01-07-14,6.31
02-07-14,1.38
03-07-14,0.22
04-07-14,0.26
05-07-14,3.12
06-07-14,16.27
07-07-14,0.26
08-07-14,1.54
09-07-14,0.02
10-07-14,0.00
11-07-14,0.00
12-07-14,0.00
13-07-14,0.06
14-07-14,0.03
15-07-14,0.00
16-07-14,0.05
17-07-14,0.03
18-07-14,2.61
19-07-14,16.96
20-07-14,2.97
21-07-14,0.01
22-07-14,0.00
23-07-14,0.42
24-07-14,0.14
25-07-14,0.00
26-07-14,0.01
27-07-14,0.02
28-07-14,0.02
29-07-14,0.00
30-07-14,0.00
31-07-14,0.34
01-08-14,0.57
02-08-14,7.23
03-08-14,2.29
04-08-14,0.00
05-08-14,0.06
06-08-14,0.11
07-08-14,2.88
08-08-14,22.34
09-08-14,2.19
10-08-14,4.07
11-08-14,0.05
12-08-14,2.83
13-08-14,0.52
14-08-14,0.06
15-08-14,0.00
16-08-14,0.00
17-08-14,0.00
18-08-14,0.00
19-08-14,0.00
20-08-14,0.00
21-08-14,0.00
22-08-14,0.00
23-08-14,0.00
24-08-14,0.00
25-08-14,0.32
26-08-14,6.39
27-08-14,1.14
28-08-14,0.76
29-08-14,0.00
30-08-14,0.00
31-08-14,0.00
01-09-14,0.04
02-09-14,0.60
03-09-14,0.18
04-09-14,0.53
05-09-14,0.00
06-09-14,1.81
07-09-14,14.10
08-09-14,0.60
09-09-14,0.25
10-09-14,5.71
11-09-14,0.19
12-09-14,0.40
13-09-14,6.44
14-09-14,5.12
15-09-14,5.95
16-09-14,8.34
17-09-14,5.96
18-09-14,7.72
19-09-14,3.39
20-09-14,0.14
21-09-14,1.89
22-09-14,7.76
23-09-14,1.03
24-09-14,0.00
25-09-14,0.00
26-09-14,0.00
27-09-14,0.10
28-09-14,6.09
29-09-14,0.08
30-09-14,0.05
01-10-14,0.02
02-10-14,0.00
03-10-14,0.01
04-10-14,1.47
05-10-14,0.16
06-10-14,4.74
07-10-14,10.21
08-10-14,25.68
09-10-14,3.92
10-10-14,0.42
11-10-14,0.04
12-10-14,6.32
13-10-14,9.21
14-10-14,0.50
15-10-14,29.08
16-10-14,65.41
17-10-14,5.20
18-10-14,1.20
19-10-14,0.03
20-10-14,0.00
21-10-14,0.00
22-10-14,0.00
23-10-14,0.03
24-10-14,0.37
25-10-14,0.00
26-10-14,0.00
27-10-14,0.97
28-10-14,2.17
29-10-14,0.00
30-10-14,0.00
31-10-14,2.20
01-11-14,6.03
02-11-14,4.24
03-11-14,33.27
04-11-14,8.51
05-11-14,4.28
06-11-14,8.62
07-11-14,3.46
08-11-14,13.82
09-11-14,2.45
10-11-14,6.19
11-11-14,18.14
12-11-14,7.48
13-11-14,25.60
14-11-14,8.62
15-11-14,18.58
16-11-14,12.19
17-11-14,1.29
18-11-14,7.43
19-11-14,5.17
20-11-14,8.54
21-11-14,1.41
22-11-14,20.95
23-11-14,17.30
24-11-14,0.36
25-11-14,0.57
26-11-14,0.59
27-11-14,0.43
28-11-14,10.03
29-11-14,0.03
30-11-14,0.04
01-12-14,0.16
02-12-14,1.47
03-12-14,0.79
04-12-14,1.06
05-12-14,0.53
06-12-14,0.66
07-12-14,0.50
08-12-14,1.20
09-12-14,0.04
10-12-14,0.25
11-12-14,0.12
12-12-14,2.74
13-12-14,28.00
14-12-14,1.75
15-12-14,2.30
16-12-14,4.06
17-12-14,1.04
18-12-14,0.03
19-12-14,0.06
20-12-14,0.05
21-12-14,0.03
22-12-14,0.01
23-12-14,0.04
24-12-14,0.01
25-12-14,0.00
26-12-14,0.07
27-12-14,1.05
28-12-14,4.05
29-12-14,0.00
30-12-14,0.00
31-12-14,0.00
01-01-15,0.00
02-01-15,0.00
03-01-15,0.00
04-01-15,0.01
05-01-15,0.03
06-01-15,0.02
07-01-15,0.00
08-01-15,0.47
09-01-15,0.01
10-01-15,0.14
11-01-15,2.26
12-01-15,0.04
13-01-15,11.90
14-01-15,1.25
15-01-15,30.32
16-01-15,5.03
17-01-15,7.73
18-01-15,7.18
19-01-15,2.17
20-01-15,8.11
21-01-15,8.90
22-01-15,4.30
23-01-15,0.06
24-01-15,0.17
25-01-15,0.00
26-01-15,0.00
27-01-15,0.09
28-01-15,1.63
29-01-15,11.81
30-01-15,30.29
31-01-15,13.23
01-02-15,6.08
02-02-15,16.57
03-02-15,8.79
04-02-15,3.35
05-02-15,1.09
06-02-15,5.37
07-02-15,0.14
08-02-15,0.00
09-02-15,0.00
10-02-15,0.00
11-02-15,0.38
12-02-15,4.65
13-02-15,5.24
14-02-15,9.92
15-02-15,4.97
16-02-15,4.32
17-02-15,1.05
18-02-15,0.00
19-02-15,0.00
20-02-15,13.17
21-02-15,1.69
22-02-15,1.89
23-02-15,13.03
24-02-15,3.88
25-02-15,1.05
26-02-15,3.22
27-02-15,1.68
28-02-15,3.94
01-03-15,6.92
02-03-15,16.42
03-03-15,9.77
04-03-15,0.02
05-03-15,0.00
06-03-15,0.00
07-03-15,0.00
08-03-15,0.00
09-03-15,0.00
10-03-15,0.01
11-03-15,0.08
12-03-15,0.51
13-03-15,0.04
14-03-15,0.00
15-03-15,0.01
16-03-15,0.00
17-03-15,0.26
18-03-15,0.10
19-03-15,0.21
20-03-15,0.00
21-03-15,0.15
22-03-15,0.01
23-03-15,2.68
24-03-15,1.20
25-03-15,0.30
26-03-15,5.24
27-03-15,0.57
28-03-15,0.16
29-03-15,0.53
30-03-15,0.22
31-03-15,0.13
01-04-15,0.00
02-04-15,0.00
03-04-15,0.00
04-04-15,0.00
05-04-15,0.00
06-04-15,0.00
07-04-15,0.04
08-04-15,1.00
09-04-15,11.66
10-04-15,7.13
11-04-15,0.02
12-04-15,0.01
13-04-15,0.17
14-04-15,0.22
15-04-15,10.54
16-04-15,3.51
17-04-15,2.72
18-04-15,6.61
19-04-15,1.62
20-04-15,0.20
21-04-15,3.07
22-04-15,8.19
23-04-15,0.01
24-04-15,7.77
25-04-15,16.76
26-04-15,12.53
27-04-15,6.45
28-04-15,0.42
29-04-15,0.08
30-04-15,3.83
01-05-15,8.03
02-05-15,3.71
03-05-15,10.58
04-05-15,26.20
05-05-15,4.22
06-05-15,0.19
07-05-15,4.25
08-05-15,2.39
09-05-15,0.01
10-05-15,0.00
11-05-15,0.14
12-05-15,0.00
13-05-15,0.01
14-05-15,1.59
15-05-15,0.06
16-05-15,0.00
17-05-15,0.00
18-05-15,0.21
19-05-15,0.15
20-05-15,0.77
21-05-15,0.00
22-05-15,0.00
23-05-15,0.00
24-05-15,0.00
25-05-15,0.00
26-05-15,0.00
27-05-15,0.00
28-05-15,0.00
29-05-15,0.00
30-05-15,0.04
31-05-15,1.00
01-06-15,0.59
02-06-15,0.00
03-06-15,0.01
04-06-15,0.38
05-06-15,0.12
06-06-15,0.06
07-06-15,0.74
08-06-15,0.47
09-06-15,0.94
10-06-15,0.23
11-06-15,0.03
12-06-15,0.40
13-06-15,5.17
14-06-15,8.82
15-06-15,0.11
16-06-15,0.00
17-06-15,0.00
18-06-15,0.00
19-06-15,0.00
20-06-15,0.00
21-06-15,0.00
22-06-15,0.84
23-06-15,0.65
24-06-15,0.04
25-06-15,0.03
26-06-15,0.01
27-06-15,0.00
28-06-15,0.02
29-06-15,0.00
30-06-15,0.00
01-07-15,4.95
02-07-15,1.75
03-07-15,0.09
04-07-15,0.37
05-07-15,0.13
06-07-15,0.00
07-07-15,0.16
08-07-15,0.00
09-07-15,0.00
10-07-15,0.05
11-07-15,0.02
12-07-15,0.00
13-07-15,0.00
14-07-15,0.00
15-07-15,0.00
16-07-15,0.08
17-07-15,0.04
18-07-15,0.03
19-07-15,0.05
20-07-15,0.14
21-07-15,0.22
22-07-15,0.07
23-07-15,0.00
24-07-15,1.85
25-07-15,0.00
26-07-15,0.89
27-07-15,0.53
28-07-15,0.10
29-07-15,3.13
30-07-15,5.13
31-07-15,13.23
01-08-15,0.00
02-08-15,0.00
03-08-15,0.50
04-08-15,0.00
05-08-15,0.06
06-08-15,0.17
07-08-15,0.26
08-08-15,0.04
09-08-15,0.00
10-08-15,0.00
11-08-15,0.13
12-08-15,1.56
13-08-15,14.26
14-08-15,1.60
15-08-15,0.08
16-08-15,1.35
17-08-15,2.23
18-08-15,0.06
19-08-15,0.00
20-08-15,0.01
21-08-15,0.19
22-08-15,4.90
23-08-15,8.24
24-08-15,1.84
25-08-15,0.37
26-08-15,10.76
27-08-15,5.10
28-08-15,6.60
29-08-15,0.08
30-08-15,5.83
31-08-15,7.10
01-09-15,0.01
02-09-15,0.11
03-09-15,0.03
04-09-15,0.03
05-09-15,0.01
06-09-15,0.02
07-09-15,0.00
08-09-15,0.00
09-09-15,1.33
10-09-15,0.19
11-09-15,0.57
12-09-15,5.11
13-09-15,8.57
14-09-15,1.83
15-09-15,65.88
16-09-15,26.63
17-09-15,6.17
18-09-15,0.17
19-09-15,0.00
20-09-15,0.00
21-09-15,0.14
22-09-15,0.30
23-09-15,0.10
24-09-15,0.00
25-09-15,0.48
26-09-15,0.03
27-09-15,0.03
28-09-15,0.00
29-09-15,0.00
30-09-15,0.07
01-10-15,0.05
02-10-15,0.08
03-10-15,0.81
04-10-15,26.20
05-10-15,33.88
06-10-15,12.36
07-10-15,0.16
08-10-15,0.00
09-10-15,0.00
10-10-15,5.20
11-10-15,14.37
12-10-15,5.84
13-10-15,0.00
14-10-15,0.00
15-10-15,0.00
16-10-15,0.02
17-10-15,1.53
18-10-15,5.86
19-10-15,10.57
20-10-15,0.14
21-10-15,0.00
22-10-15,0.00
23-10-15,0.00
24-10-15,2.98
25-10-15,0.48
26-10-15,13.56
27-10-15,11.17
28-10-15,9.12
29-10-15,7.90
30-10-15,0.08
31-10-15,0.29
01-11-15,0.03
02-11-15,5.55
03-11-15,6.99
04-11-15,6.03
05-11-15,7.85
06-11-15,0.31
07-11-15,0.02
08-11-15,0.04
09-11-15,0.03
10-11-15,0.01
11-11-15,0.08
12-11-15,0.03
13-11-15,0.12
14-11-15,0.01
15-11-15,0.00
16-11-15,0.03
17-11-15,0.09
18-11-15,0.04
19-11-15,0.03
20-11-15,1.14
21-11-15,8.46
22-11-15,9.60
23-11-15,0.01
24-11-15,1.55
25-11-15,0.66
26-11-15,0.74
27-11-15,0.42
28-11-15,0.24
29-11-15,0.00
30-11-15,0.00
01-12-15,0.00
02-12-15,0.02
03-12-15,3.16
04-12-15,0.48
05-12-15,0.00
06-12-15,0.00
07-12-15,1.75
08-12-15,7.81
09-12-15,0.01
10-12-15,0.08
11-12-15,0.02
12-12-15,0.00
13-12-15,5.11
14-12-15,10.25
15-12-15,2.26
16-12-15,0.00
17-12-15,4.14
18-12-15,0.61
19-12-15,6.64
20-12-15,7.96
21-12-15,0.03
22-12-15,0.23
23-12-15,3.57
24-12-15,1.04
25-12-15,0.09
26-12-15,0.00
27-12-15,0.00
28-12-15,21.83
29-12-15,0.38
30-12-15,16.48
31-12-15,0.39
01-01-16,14.62
02-01-16,2.35
03-01-16,22.68
04-01-16,16.41
05-01-16,10.36
06-01-16,10.31
07-01-16,44.27
08-01-16,29.13
09-01-16,19.65
10-01-16,41.71
11-01-16,12.36
12-01-16,4.29
13-01-16,6.73
14-01-16,25.89
15-01-16,0.09
16-01-16,0.00
17-01-16,4.12
18-01-16,4.40
19-01-16,0.09
20-01-16,0.08
21-01-16,5.04
22-01-16,3.08
23-01-16,1.81
24-01-16,0.00
25-01-16,16.56
26-01-16,0.01
27-01-16,0.10
28-01-16,21.39
29-01-16,0.00
30-01-16,0.59
31-01-16,1.91
01-02-16,0.09
02-02-16,0.47
03-02-16,0.10
04-02-16,0.00
05-02-16,0.00
06-02-16,19.33
07-02-16,3.47
08-02-16,7.33
09-02-16,19.71
10-02-16,20.01
11-02-16,14.16
12-02-16,36.55
13-02-16,23.63
14-02-16,18.46
15-02-16,4.34
16-02-16,0.00
17-02-16,8.29
18-02-16,2.70
19-02-16,0.00
20-02-16,0.02
21-02-16,0.01
22-02-16,1.15
23-02-16,0.50
24-02-16,11.43
25-02-16,2.90
26-02-16,18.46
27-02-16,8.46
28-02-16,2.95
29-02-16,0.03
01-03-16,0.16
02-03-16,2.31
03-03-16,0.33
04-03-16,10.10
05-03-16,8.98
06-03-16,5.67
07-03-16,8.42
08-03-16,0.93
09-03-16,8.15
10-03-16,0.64
11-03-16,0.08
12-03-16,0.00
13-03-16,0.00
14-03-16,0.00
15-03-16,0.00
16-03-16,0.00
17-03-16,0.01
18-03-16,10.21
19-03-16,10.07
20-03-16,4.46
21-03-16,0.52
22-03-16,0.07
23-03-16,0.00
24-03-16,0.00
25-03-16,0.58
26-03-16,12.34
27-03-16,5.32
28-03-16,21.70
29-03-16,23.18
30-03-16,20.74
31-03-16,4.93
01-04-16,0.00
02-04-16,3.93
03-04-16,10.58
04-04-16,11.71
05-04-16,0.19
06-04-16,0.10
07-04-16,0.10
08-04-16,0.12
09-04-16,4.81
10-04-16,23.05
11-04-16,6.72
12-04-16,4.41
13-04-16,9.66
14-04-16,7.97
15-04-16,12.75
16-04-16,18.82
17-04-16,10.94
18-04-16,0.47
19-04-16,12.43
20-04-16,0.64
21-04-16,4.81
22-04-16,3.77
23-04-16,8.88
24-04-16,0.02
25-04-16,0.04
26-04-16,0.00
27-04-16,0.20
28-04-16,0.00
29-04-16,0.16
30-04-16,0.00
01-05-16,0.00
02-05-16,0.00
03-05-16,0.00
04-05-16,0.00
05-05-16,2.61
06-05-16,15.99
07-05-16,8.04
08-05-16,10.59
09-05-16,8.86
10-05-16,12.02
11-05-16,8.59
12-05-16,17.10
13-05-16,3.38
14-05-16,3.32
15-05-16,0.37
16-05-16,0.17
17-05-16,0.01
18-05-16,0.36
19-05-16,1.06
20-05-16,0.02
21-05-16,6.71
22-05-16,4.92
23-05-16,0.37
24-05-16,5.26
25-05-16,4.87
26-05-16,0.39
27-05-16,6.28
28-05-16,8.35
29-05-16,9.76
30-05-16,6.79
31-05-16,0.01
01-06-16,0.00
02-06-16,0.02
03-06-16,0.08
04-06-16,0.05
05-06-16,0.12
06-06-16,5.18
07-06-16,0.03
08-06-16,0.04
09-06-16,1.68
10-06-16,1.48
11-06-16,0.06
12-06-16,0.81
13-06-16,3.18
14-06-16,6.96
15-06-16,18.85
16-06-16,14.66
17-06-16,2.39
18-06-16,1.13
19-06-16,0.00
20-06-16,0.00
21-06-16,0.01
22-06-16,9.04
23-06-16,5.77
24-06-16,1.34
25-06-16,0.00
26-06-16,0.00
27-06-16,0.00
28-06-16,0.01
29-06-16,0.00
30-06-16,0.39
01-07-16,0.18
02-07-16,0.01
03-07-16,0.00
04-07-16,0.02
05-07-16,0.07
06-07-16,4.23
07-07-16,0.24
08-07-16,0.09
09-07-16,0.00
10-07-16,0.02
11-07-16,0.70
12-07-16,0.05
13-07-16,0.01
14-07-16,0.00
15-07-16,0.00
16-07-16,0.00
17-07-16,0.00
18-07-16,0.10
19-07-16,0.00
20-07-16,0.00
21-07-16,0.04
22-07-16,1.12
23-07-16,0.00
24-07-16,0.00
25-07-16,0.01
26-07-16,0.01
27-07-16,0.00
28-07-16,0.00
29-07-16,0.01
30-07-16,0.02
31-07-16,0.38
01-08-16,0.00
02-08-16,0.00
03-08-16,0.03
04-08-16,3.09
05-08-16,0.00
06-08-16,0.00
07-08-16,0.00
08-08-16,0.00
09-08-16,0.00
10-08-16,0.00
11-08-16,0.00
12-08-16,0.00
13-08-16,0.00
14-08-16,0.16
15-08-16,0.96
16-08-16,0.00
17-08-16,2.36
18-08-16,0.00
19-08-16,4.00
20-08-16,0.00
21-08-16,0.00
22-08-16,0.00
23-08-16,0.01
24-08-16,3.43
25-08-16,7.84
26-08-16,1.15
27-08-16,0.02
28-08-16,0.02
29-08-16,0.01
30-08-16,0.00
31-08-16,0.00
01-09-16,0.00
02-09-16,0.01
03-09-16,0.00
04-09-16,0.00
05-09-16,0.00
06-09-16,0.75
07-09-16,0.35
08-09-16,0.06
09-09-16,0.00
10-09-16,0.35
11-09-16,0.00
12-09-16,0.01
13-09-16,34.43
14-09-16,12.78
15-09-16,3.25
16-09-16,0.85
17-09-16,0.00
18-09-16,0.00
19-09-16,0.00
20-09-16,0.01
21-09-16,0.06
22-09-16,0.51
23-09-16,0.03
24-09-16,11.77
25-09-16,0.38
26-09-16,0.21
27-09-16,0.88
28-09-16,0.00
29-09-16,0.00
30-09-16,0.65
01-10-16,0.15
02-10-16,0.03
03-10-16,0.01
04-10-16,0.12
05-10-16,0.03
06-10-16,0.01
07-10-16,0.00
08-10-16,0.03
09-10-16,0.00
10-10-16,0.00
11-10-16,9.91
12-10-16,10.46
13-10-16,5.36
14-10-16,1.40
15-10-16,7.71
16-10-16,7.07
17-10-16,5.73
18-10-16,0.01
19-10-16,0.43
20-10-16,0.15
21-10-16,0.02
22-10-16,4.79
23-10-16,13.55
24-10-16,2.22
25-10-16,1.59
26-10-16,0.00
27-10-16,0.00
28-10-16,0.00
29-10-16,0.00
30-10-16,0.00
31-10-16,0.00
01-11-16,0.14
02-11-16,0.11
03-11-16,2.87
04-11-16,5.94
05-11-16,12.91
06-11-16,2.73
07-11-16,3.21
08-11-16,8.32
09-11-16,4.02
10-11-16,0.85
11-11-16,0.71
12-11-16,10.83
13-11-16,0.04
14-11-16,0.00
15-11-16,0.00
16-11-16,0.00
17-11-16,1.08
18-11-16,2.81
19-11-16,4.86
20-11-16,14.46
21-11-16,22.57
22-11-16,0.16
23-11-16,0.17
24-11-16,23.06
25-11-16,0.11
26-11-16,2.31
27-11-16,0.17
28-11-16,0.00
29-11-16,0.01
30-11-16,0.00
01-12-16,0.08
02-12-16,0.00
03-12-16,0.46
04-12-16,0.57
05-12-16,0.00
06-12-16,0.00
07-12-16,0.00
08-12-16,0.00
09-12-16,0.00
10-12-16,0.00
11-12-16,0.00
12-12-16,0.00
13-12-16,0.00
14-12-16,12.56
15-12-16,10.21
16-12-16,5.97
17-12-16,0.00
18-12-16,0.00
19-12-16,0.06
20-12-16,0.38
21-12-16,0.50
22-12-16,0.53
23-12-16,0.53
24-12-16,0.04
25-12-16,0.00
26-12-16,0.01
27-12-16,0.00
28-12-16,0.00
29-12-16,0.00
30-12-16,0.00
31-12-16,0.00
01-01-17,0.31
02-01-17,5.41
03-01-17,0.85
04-01-17,0.03
05-01-17,0.01
06-01-17,0.04
07-01-17,0.00
08-01-17,0.00
09-01-17,0.00
10-01-17,0.70
11-01-17,0.22
12-01-17,2.20
13-01-17,2.03
14-01-17,0.23
15-01-17,0.39
16-01-17,0.12
17-01-17,0.03
18-01-17,0.00
19-01-17,0.00
20-01-17,0.00
21-01-17,0.00
22-01-17,0.09
23-01-17,0.00
24-01-17,0.00
25-01-17,0.00
26-01-17,6.38
27-01-17,8.05
28-01-17,2.45
29-01-17,7.43
30-01-17,1.94
31-01-17,10.54
01-02-17,2.40
02-02-17,24.41
03-02-17,47.08
04-02-17,33.04
05-02-17,8.47
06-02-17,6.43
07-02-17,4.38
08-02-17,0.01
09-02-17,2.62
10-02-17,0.35
11-02-17,0.17
12-02-17,4.83
13-02-17,3.97
14-02-17,3.39
15-02-17,0.34
16-02-17,0.00
17-02-17,0.00
18-02-17,8.81
19-02-17,0.00
20-02-17,0.00
21-02-17,0.00
22-02-17,0.01
23-02-17,0.09
24-02-17,0.03
25-02-17,0.00
26-02-17,1.07
27-02-17,3.60
28-02-17,9.30
01-03-17,2.86
02-03-17,2.91
03-03-17,15.74
04-03-17,3.94
05-03-17,7.16
06-03-17,3.38
07-03-17,1.42
08-03-17,0.05
09-03-17,0.00
10-03-17,0.00
11-03-17,1.42
12-03-17,7.49
13-03-17,0.37
14-03-17,0.00
15-03-17,0.00
16-03-17,0.01
17-03-17,0.01
18-03-17,0.00
19-03-17,0.00
20-03-17,0.06
21-03-17,9.84
22-03-17,16.53
23-03-17,5.96
24-03-17,1.65
25-03-17,0.07
26-03-17,6.00
27-03-17,0.76
28-03-17,2.21
29-03-17,0.00
30-03-17,2.33
31-03-17,12.41
01-04-17,2.47
02-04-17,0.03
03-04-17,0.00
04-04-17,0.00
05-04-17,0.00
06-04-17,0.00
07-04-17,0.00
08-04-17,0.00
09-04-17,0.00
10-04-17,0.01
11-04-17,0.00
12-04-17,0.01
13-04-17,0.11
14-04-17,0.33
15-04-17,0.04
16-04-17,0.00
17-04-17,0.75
18-04-17,0.65
19-04-17,0.01
20-04-17,0.21
21-04-17,0.00
22-04-17,0.02
23-04-17,0.01
24-04-17,0.06
25-04-17,6.35
26-04-17,1.14
27-04-17,0.01
28-04-17,0.00
29-04-17,0.48
30-04-17,17.93
01-05-17,0.01
02-05-17,0.00
03-05-17,0.00
04-05-17,0.31
05-05-17,15.25
06-05-17,4.22
07-05-17,0.01
08-05-17,0.10
09-05-17,9.48
10-05-17,11.89
11-05-17,12.12
12-05-17,18.67
13-05-17,7.64
14-05-17,1.54
15-05-17,0.26
16-05-17,0.27
17-05-17,6.44
18-05-17,2.01
19-05-17,1.04
20-05-17,0.01
21-05-17,1.17
22-05-17,0.03
23-05-17,0.00
24-05-17,0.13
25-05-17,2.35
26-05-17,19.08
27-05-17,2.89
28-05-17,15.30
29-05-17,7.75
30-05-17,0.12
31-05-17,0.01
01-06-17,0.08
02-06-17,1.25
03-06-17,1.08
04-06-17,1.26
05-06-17,2.78
06-06-17,0.97
07-06-17,0.00
08-06-17,0.24
09-06-17,0.43
10-06-17,0.00
11-06-17,0.11
12-06-17,0.01
13-06-17,0.10
14-06-17,0.02
15-06-17,0.01
16-06-17,0.00
17-06-17,0.00
18-06-17,0.00
19-06-17,0.00
20-06-17,0.08
21-06-17,0.25
22-06-17,0.69
23-06-17,0.17
24-06-17,0.01
25-06-17,0.00
26-06-17,0.43
27-06-17,10.45
28-06-17,8.44
29-06-17,12.28
30-06-17,2.47
01-07-17,0.14
02-07-17,0.00
03-07-17,0.02
04-07-17,2.15
05-07-17,0.03
06-07-17,4.49
07-07-17,0.16
08-07-17,0.05
09-07-17,1.21
10-07-17,1.05
11-07-17,0.16
12-07-17,0.10
13-07-17,0.01
14-07-17,0.00
15-07-17,0.00
16-07-17,0.00
17-07-17,0.01
18-07-17,0.13
19-07-17,2.72
20-07-17,0.17
21-07-17,0.02
22-07-17,2.78
23-07-17,0.84
24-07-17,0.59
25-07-17,0.00
26-07-17,0.00
27-07-17,0.84
28-07-17,0.11
29-07-17,0.62
30-07-17,0.83
31-07-17,0.57
01-08-17,0.15
02-08-17,0.01
03-08-17,0.40
04-08-17,0.94
05-08-17,0.68
06-08-17,0.00
07-08-17,0.56
08-08-17,0.12
09-08-17,0.17
10-08-17,0.01
11-08-17,0.00
12-08-17,0.00
13-08-17,0.00
14-08-17,0.02
15-08-17,0.11
16-08-17,0.01
17-08-17,0.02
18-08-17,0.24
19-08-17,0.00
20-08-17,0.00
21-08-17,0.00
22-08-17,0.02
23-08-17,0.07
24-08-17,0.28
25-08-17,0.06
26-08-17,2.81
27-08-17,9.86
28-08-17,6.55
29-08-17,5.76
30-08-17,3.06
31-08-17,0.16
01-09-17,0.19
02-09-17,0.00
03-09-17,1.16
04-09-17,1.78
05-09-17,0.08
06-09-17,0.00
07-09-17,0.00
08-09-17,0.97
09-09-17,2.21
10-09-17,0.95
11-09-17,1.91
12-09-17,2.18
13-09-17,0.34
14-09-17,1.62
15-09-17,0.45
16-09-17,0.47
17-09-17,2.22
18-09-17,2.56
19-09-17,0.07
20-09-17,0.02
21-09-17,5.45
22-09-17,0.02
23-09-17,0.00
24-09-17,3.39
25-09-17,0.32
26-09-17,0.07
27-09-17,0.01
28-09-17,0.07
29-09-17,0.64
30-09-17,0.19
01-10-17,0.35
02-10-17,0.01
03-10-17,0.11
04-10-17,0.03
05-10-17,0.04
06-10-17,0.00
07-10-17,0.00
08-10-17,0.00
09-10-17,0.00
10-10-17,0.00
11-10-17,0.00
12-10-17,0.01
13-10-17,0.00
14-10-17,0.00
15-10-17,0.30
16-10-17,22.12
17-10-17,21.68
18-10-17,12.45
19-10-17,3.54
20-10-17,5.53
21-10-17,1.46
22-10-17,0.00
23-10-17,0.00
24-10-17,0.00
25-10-17,0.00
26-10-17,0.00
27-10-17,0.00
28-10-17,0.00
29-10-17,0.00
30-10-17,0.02
31-10-17,0.00
01-11-17,0.02
02-11-17,5.36
03-11-17,6.31
04-11-17,5.85
05-11-17,0.78
06-11-17,0.00
07-11-17,0.88
08-11-17,1.11
09-11-17,0.45
10-11-17,0.38
11-11-17,0.03
12-11-17,1.31
13-11-17,0.02
14-11-17,0.00
15-11-17,0.00
16-11-17,0.00
17-11-17,0.00
18-11-17,0.00
19-11-17,0.00
20-11-17,0.00
21-11-17,0.00
22-11-17,7.09
23-11-17,5.52
24-11-17,37.92
25-11-17,0.51
26-11-17,0.00
27-11-17,0.00
28-11-17,0.07
29-11-17,0.95
30-11-17,0.32
01-12-17,1.69
02-12-17,0.07
03-12-17,0.00
04-12-17,0.00
05-12-17,0.00
06-12-17,0.24
07-12-17,2.24
08-12-17,4.37
09-12-17,4.04
10-12-17,73.61
11-12-17,10.34
12-12-17,1.75
13-12-17,5.53
14-12-17,6.27
15-12-17,2.85
16-12-17,0.65
17-12-17,0.00
18-12-17,0.08
19-12-17,0.11
20-12-17,0.00
21-12-17,0.00
22-12-17,0.00
23-12-17,0.00
24-12-17,0.00
25-12-17,9.15
26-12-17,24.05
27-12-17,8.65
28-12-17,4.72
29-12-17,5.23
30-12-17,1.95
31-12-17,17.28
