Date,Temperature
01-01-08,4.91
02-01-08,8.03
03-01-08,6.53
04-01-08,6.02
05-01-08,11.21
06-01-08,11.94
07-01-08,9.59
08-01-08,7.38
09-01-08,9.53
10-01-08,9.55
11-01-08,6.19
12-01-08,6.05
13-01-08,7.12
14-01-08,8.09
15-01-08,9.41
16-01-08,8.33
17-01-08,10.86
18-01-08,11.28
19-01-08,8.2
20-01-08,7.66
21-01-08,7.69
22-01-08,7.36
23-01-08,8.04
24-01-08,7.4
25-01-08,8.13
26-01-08,8.59
27-01-08,8.02
28-01-08,7.11
29-01-08,6.85
30-01-08,5.62
31-01-08,3.93
01-02-08,7.43
02-02-08,5.47
03-02-08,6.05
04-02-08,7.29
05-02-08,10.71
06-02-08,11.55
07-02-08,10.5
08-02-08,9.65
09-02-08,9.84
10-02-08,9.75
11-02-08,9
12-02-08,8.08
13-02-08,7.95
14-02-08,7.19
15-02-08,9.25
16-02-08,9.58
17-02-08,9.59
18-02-08,10.42
19-02-08,10.87
20-02-08,11.27
21-02-08,11.18
22-02-08,11.19
23-02-08,11.55
24-02-08,12.09
25-02-08,11.44
26-02-08,10.35
27-02-08,11.2
28-02-08,10.83
29-02-08,11.02
01-03-08,10.02
02-03-08,8.66
03-03-08,8.7
04-03-08,6.78
05-03-08,5.74
06-03-08,5.73
07-03-08,5.48
08-03-08,8.3
09-03-08,7.14
10-03-08,9.04
11-03-08,10.44
12-03-08,11.11
13-03-08,10.46
14-03-08,12.01
15-03-08,9.71
16-03-08,9.72
17-03-08,8.28
18-03-08,7.47
19-03-08,6.66
20-03-08,6.48
21-03-08,6.34
22-03-08,5.68
23-03-08,4.26
24-03-08,7.03
25-03-08,8.17
26-03-08,6.48
27-03-08,9.82
28-03-08,9.88
29-03-08,8.02
30-03-08,7.91
31-03-08,9.26
01-04-08,11.56
02-04-08,12.14
03-04-08,14.48
04-04-08,14.66
05-04-08,14.7
06-04-08,11.19
07-04-08,7.59
08-04-08,10.41
09-04-08,9.58
10-04-08,5
11-04-08,6.77
12-04-08,7.68
13-04-08,8.71
14-04-08,8.44
15-04-08,10.97
16-04-08,11.2
17-04-08,8.3
18-04-08,7.52
19-04-08,7.42
20-04-08,8.4
21-04-08,9.27
22-04-08,10.45
23-04-08,12.61
24-04-08,13.25
25-04-08,17.03
26-04-08,18.22
27-04-08,13.75
28-04-08,9.78
29-04-08,8.38
30-04-08,8.59
01-05-08,9.23
02-05-08,12.48
03-05-08,16.27
04-05-08,13.14
05-05-08,14.38
06-05-08,15.2
07-05-08,14.35
08-05-08,12.75
09-05-08,10.5
10-05-08,10.63
11-05-08,12.91
12-05-08,12.87
13-05-08,11.44
14-05-08,10.42
15-05-08,11.32
16-05-08,11.52
17-05-08,12.13
18-05-08,10.69
19-05-08,11.95
20-05-08,13.13
21-05-08,13.79
22-05-08,13.59
23-05-08,12.76
24-05-08,9.64
25-05-08,9.95
26-05-08,11.01
27-05-08,11.57
28-05-08,11.28
29-05-08,11.83
30-05-08,12.24
31-05-08,12.42
01-06-08,12.63
02-06-08,12.7
03-06-08,13.73
04-06-08,12.58
05-06-08,13.83
06-06-08,13.93
07-06-08,13.03
08-06-08,12.9
09-06-08,14.86
10-06-08,16.57
11-06-08,17.32
12-06-08,17.1
13-06-08,15.51
14-06-08,14.98
15-06-08,13.76
16-06-08,13.96
17-06-08,13.31
18-06-08,13.74
19-06-08,15.46
20-06-08,18.22
21-06-08,18.44
22-06-08,17.79
23-06-08,18.43
24-06-08,17.55
25-06-08,16.9
26-06-08,17.13
27-06-08,17.56
28-06-08,17.67
29-06-08,16.96
30-06-08,18.62
01-07-08,16.77
02-07-08,14.07
03-07-08,13.8
04-07-08,14.89
05-07-08,14.51
06-07-08,12.43
07-07-08,13.14
08-07-08,15.56
09-07-08,16.29
10-07-08,16.4
11-07-08,14.58
12-07-08,13.39
13-07-08,13.91
14-07-08,17.5
15-07-08,19.13
16-07-08,18.36
17-07-08,17.04
18-07-08,19.57
19-07-08,20.18
20-07-08,17.1
21-07-08,17.45
22-07-08,21.26
23-07-08,18.51
24-07-08,16.38
25-07-08,16.8
26-07-08,17.71
27-07-08,17.4
28-07-08,15.81
29-07-08,15.56
30-07-08,17.36
31-07-08,16.77
01-08-08,16.37
02-08-08,18.55
03-08-08,19.04
04-08-08,19.23
05-08-08,19.19
06-08-08,17.82
07-08-08,15.92
08-08-08,16.53
09-08-08,17.39
10-08-08,16.54
11-08-08,17.35
12-08-08,15.18
13-08-08,13.95
14-08-08,13.33
15-08-08,14.53
16-08-08,15.69
17-08-08,16.64
18-08-08,16.01
19-08-08,14.76
20-08-08,14.64
21-08-08,15.76
22-08-08,15.01
23-08-08,14.87
24-08-08,16.03
25-08-08,16.83
26-08-08,18.07
27-08-08,19.46
28-08-08,20.9
29-08-08,20.63
30-08-08,17.06
31-08-08,17.11
01-09-08,16.05
02-09-08,15.73
03-09-08,13.67
04-09-08,13.85
05-09-08,14.4
06-09-08,13.75
07-09-08,13.36
08-09-08,15.79
09-09-08,17.05
10-09-08,17.26
11-09-08,13.42
12-09-08,11.86
13-09-08,12.73
14-09-08,14.63
15-09-08,15.01
16-09-08,15.42
17-09-08,15.28
18-09-08,15.24
19-09-08,15.89
20-09-08,18.1
21-09-08,17.49
22-09-08,15.54
23-09-08,14.11
24-09-08,13.85
25-09-08,14.1
26-09-08,13.81
27-09-08,13.97
28-09-08,14.99
29-09-08,14.32
30-09-08,12.93
01-10-08,11.67
02-10-08,11.62
03-10-08,9.68
04-10-08,9.12
05-10-08,12.37
06-10-08,15.63
07-10-08,14.01
08-10-08,11.82
09-10-08,11.09
10-10-08,14.01
11-10-08,17.55
12-10-08,16.76
13-10-08,15.24
14-10-08,14.92
15-10-08,14.58
16-10-08,15.14
17-10-08,13.66
18-10-08,13.67
19-10-08,14.19
20-10-08,13.78
21-10-08,8.64
22-10-08,8.75
23-10-08,9.11
24-10-08,10.13
25-10-08,11.21
26-10-08,11.28
27-10-08,9.43
28-10-08,7.12
29-10-08,6.24
30-10-08,8.88
31-10-08,6.09
01-11-08,6.14
02-11-08,7.48
03-11-08,7.4
04-11-08,9.5
05-11-08,9.85
06-11-08,8.16
07-11-08,9.12
08-11-08,10.03
09-11-08,12.44
10-11-08,12.42
11-11-08,8.62
12-11-08,7.35
13-11-08,7.55
14-11-08,6.85
15-11-08,8.25
16-11-08,9.03
17-11-08,7.73
18-11-08,7.92
19-11-08,9.22
20-11-08,8.48
21-11-08,9.58
22-11-08,10.72
23-11-08,9.73
24-11-08,7.15
25-11-08,5.2
26-11-08,4.07
27-11-08,2.54
28-11-08,4.21
29-11-08,3.2
30-11-08,2.4
01-12-08,2.3
02-12-08,3.85
03-12-08,7.89
04-12-08,9.74
05-12-08,9.42
06-12-08,10.63
07-12-08,10.61
08-12-08,8.94
09-12-08,6.59
10-12-08,5.34
11-12-08,5.29
12-12-08,6.85
13-12-08,6.27
14-12-08,2.79
15-12-08,5.25
16-12-08,6.58
17-12-08,6.66
18-12-08,6.23
19-12-08,5.6
20-12-08,6.26
21-12-08,7.43
22-12-08,6.39
23-12-08,6.11
24-12-08,4.76
25-12-08,3.88
26-12-08,3.51
27-12-08,4.12
28-12-08,7.99
29-12-08,8.95
30-12-08,10.96
31-12-08,10.7
01-01-09,10.07
02-01-09,8.63
03-01-09,9.24
04-01-09,5.34
05-01-09,3.18
06-01-09,2.91
07-01-09,1.66
08-01-09,0.37
09-01-09,0.03
10-01-09,1.23
11-01-09,2.39
12-01-09,4.68
13-01-09,5.78
14-01-09,4.43
15-01-09,6.01
16-01-09,4.71
17-01-09,7.61
18-01-09,10.83
19-01-09,7.64
20-01-09,1.98
21-01-09,4.43
22-01-09,11.33
23-01-09,11.77
24-01-09,7.44
25-01-09,4.72
26-01-09,5.77
27-01-09,8.22
28-01-09,10.28
29-01-09,11.69
30-01-09,10.27
31-01-09,6.45
01-02-09,6.59
02-02-09,4.43
03-02-09,3.06
04-02-09,6.08
05-02-09,4.96
06-02-09,2.25
07-02-09,2.69
08-02-09,6.63
09-02-09,9.8
10-02-09,6.66
11-02-09,7.27
12-02-09,8.48
13-02-09,7.89
14-02-09,6.77
15-02-09,7.06
16-02-09,6.55
17-02-09,7.01
18-02-09,7.06
19-02-09,5.94
20-02-09,7.03
21-02-09,8.37
22-02-09,7.62
23-02-09,7.75
24-02-09,8.68
25-02-09,9.97
26-02-09,10.72
27-02-09,11.32
28-02-09,9.06
01-03-09,7.34
02-03-09,6.87
03-03-09,5.85
04-03-09,5.95
05-03-09,6.26
06-03-09,8.65
07-03-09,10.23
08-03-09,9.07
09-03-09,7.91
10-03-09,8.19
11-03-09,10.19
12-03-09,13.16
13-03-09,12.8
14-03-09,11.09
15-03-09,12.02
16-03-09,14.24
17-03-09,14.79
18-03-09,14.3
19-03-09,13.41
20-03-09,11.7
21-03-09,10.52
22-03-09,10.49
23-03-09,10.56
24-03-09,10.74
25-03-09,9.41
26-03-09,9.36
27-03-09,8.84
28-03-09,5.84
29-03-09,5.48
30-03-09,6.12
31-03-09,6.34
01-04-09,7.54
02-04-09,7.62
03-04-09,8.18
04-04-09,10.75
05-04-09,9.49
06-04-09,7.54
07-04-09,7.58
08-04-09,9.05
09-04-09,8.08
10-04-09,6.27
11-04-09,7.79
12-04-09,8.6
13-04-09,7.83
14-04-09,7.16
15-04-09,6.96
16-04-09,7.93
17-04-09,8.75
18-04-09,9.14
19-04-09,9.9
20-04-09,9.9
21-04-09,10.68
22-04-09,13.04
23-04-09,15.05
24-04-09,8.76
25-04-09,7.12
26-04-09,7.35
27-04-09,8.61
28-04-09,9.13
29-04-09,10.43
30-04-09,9.96
01-05-09,9.59
02-05-09,13.14
03-05-09,13.61
04-05-09,12.59
05-05-09,14.16
06-05-09,16.11
07-05-09,14.11
08-05-09,12.3
09-05-09,13.13
10-05-09,14.61
11-05-09,12.93
12-05-09,12.26
13-05-09,10.61
14-05-09,9.5
15-05-09,9.25
16-05-09,9.63
17-05-09,9.46
18-05-09,9.4
19-05-09,10.73
20-05-09,12.19
21-05-09,13.86
22-05-09,14.85
23-05-09,13.08
24-05-09,12.37
25-05-09,9.99
26-05-09,10.96
27-05-09,12.84
28-05-09,17.48
29-05-09,20.26
30-05-09,20
31-05-09,18.75
01-06-09,18.84
02-06-09,17.5
03-06-09,15.83
04-06-09,14.27
05-06-09,12.39
06-06-09,12.47
07-06-09,12.22
08-06-09,12.29
09-06-09,12.52
10-06-09,14.76
11-06-09,17.08
12-06-09,17.35
13-06-09,17.11
14-06-09,17.24
15-06-09,15.93
16-06-09,16.62
17-06-09,17.88
18-06-09,18.36
19-06-09,16.32
20-06-09,16.47
21-06-09,18.24
22-06-09,19.43
23-06-09,16.31
24-06-09,15.58
25-06-09,15.34
26-06-09,14.79
27-06-09,16.66
28-06-09,16.76
29-06-09,18.56
30-06-09,19.89
01-07-09,19.1
02-07-09,18
03-07-09,16.41
04-07-09,16.9
05-07-09,15.78
06-07-09,14.49
07-07-09,14.85
08-07-09,15.35
09-07-09,15.98
10-07-09,16.8
11-07-09,17.4
12-07-09,17.41
13-07-09,16.22
14-07-09,15.5
15-07-09,16.46
16-07-09,15.1
17-07-09,14.01
18-07-09,14.99
19-07-09,17.86
20-07-09,18.61
21-07-09,17.66
22-07-09,16.26
23-07-09,15.75
24-07-09,15.34
25-07-09,16.05
26-07-09,17.64
27-07-09,15.99
28-07-09,15.72
29-07-09,15.18
30-07-09,17.59
31-07-09,16.44
01-08-09,15.48
02-08-09,14.1
03-08-09,16.37
04-08-09,18.78
05-08-09,18.22
06-08-09,15.36
07-08-09,15.49
08-08-09,15.58
09-08-09,16.07
10-08-09,17.27
11-08-09,18.99
12-08-09,21.56
13-08-09,20.96
14-08-09,22.4
15-08-09,22.09
16-08-09,20.7
17-08-09,19.9
18-08-09,19.95
19-08-09,19.72
20-08-09,16.52
21-08-09,16.25
22-08-09,18.21
23-08-09,18.26
24-08-09,15.25
25-08-09,15.15
26-08-09,16.54
27-08-09,17.63
28-08-09,16.07
29-08-09,17.58
30-08-09,19.8
31-08-09,19.84
01-09-09,16.42
02-09-09,14.74
03-09-09,17.17
04-09-09,15.51
05-09-09,15.97
06-09-09,17.86
07-09-09,18.62
08-09-09,20.02
09-09-09,19.21
10-09-09,20.72
11-09-09,19.86
12-09-09,19.27
13-09-09,17.9
14-09-09,15.99
15-09-09,14.6
16-09-09,12.71
17-09-09,12.35
18-09-09,14.14
19-09-09,13.63
20-09-09,13.51
21-09-09,14.41
22-09-09,16.93
23-09-09,18.62
24-09-09,18.85
25-09-09,18
26-09-09,17.37
27-09-09,17.28
28-09-09,17.7
29-09-09,18.84
30-09-09,17.45
01-10-09,16.41
02-10-09,15.25
03-10-09,15.72
04-10-09,18.16
05-10-09,17.91
06-10-09,18.29
07-10-09,16.42
08-10-09,15.84
09-10-09,15.5
10-10-09,15.96
11-10-09,17.14
12-10-09,16.58
13-10-09,15.46
14-10-09,14.57
15-10-09,13.57
16-10-09,11.37
17-10-09,11.38
18-10-09,12.52
19-10-09,11.66
20-10-09,11.49
21-10-09,9.35
22-10-09,11.66
23-10-09,14.03
24-10-09,16.32
25-10-09,16.39
26-10-09,16.38
27-10-09,16.19
28-10-09,16.57
29-10-09,16.83
30-10-09,16.19
31-10-09,17.47
01-11-09,15.08
02-11-09,10.74
03-11-09,12.66
04-11-09,9.97
05-11-09,8.6
06-11-09,12.18
07-11-09,9.32
08-11-09,9.55
09-11-09,10.08
10-11-09,12.24
11-11-09,14.17
12-11-09,13.56
13-11-09,14.14
14-11-09,11.07
15-11-09,12.78
16-11-09,10.81
17-11-09,9.47
18-11-09,6.95
19-11-09,9.16
20-11-09,12.67
21-11-09,12.06
22-11-09,10.6
23-11-09,10.81
24-11-09,9.15
25-11-09,8.45
26-11-09,7.31
27-11-09,8.72
28-11-09,9.19
29-11-09,4.98
30-11-09,5.74
01-12-09,8.56
02-12-09,9.63
03-12-09,8.04
04-12-09,9.21
05-12-09,12.06
06-12-09,11.37
07-12-09,8.82
08-12-09,11.07
09-12-09,12.58
10-12-09,10.86
11-12-09,8.37
12-12-09,7.04
13-12-09,5.14
14-12-09,2.62
15-12-09,2
16-12-09,2.27
17-12-09,4.06
18-12-09,2.25
19-12-09,1.12
20-12-09,0.28
21-12-09,6.72
22-12-09,4.92
23-12-09,4.9
24-12-09,6.36
25-12-09,3.18
26-12-09,2.71
27-12-09,5.05
28-12-09,11.98
29-12-09,12.44
30-12-09,8.46
31-12-09,5.3
01-01-10,7.01
02-01-10,7.73
03-01-10,9.09
04-01-10,6.69
05-01-10,4.34
06-01-10,1.32
07-01-10,0.97
08-01-10,0.99
09-01-10,0
10-01-10,-0.4
11-01-10,4.3
12-01-10,8.12
13-01-10,8.41
14-01-10,7.91
15-01-10,7.22
16-01-10,11.02
17-01-10,9.6
18-01-10,10.92
19-01-10,10.55
20-01-10,8.06
21-01-10,9.37
22-01-10,10.2
23-01-10,8.72
24-01-10,7.05
25-01-10,4.67
26-01-10,5.15
27-01-10,3.96
28-01-10,3.25
29-01-10,6.52
30-01-10,6.8
31-01-10,6.53
01-02-10,4.35
02-02-10,4.62
03-02-10,5.75
04-02-10,8.44
05-02-10,7.64
06-02-10,9.43
07-02-10,8.5
08-02-10,9.01
09-02-10,6.5
10-02-10,3.09
11-02-10,1.93
12-02-10,1.87
13-02-10,1.61
14-02-10,1.27
15-02-10,3.4
16-02-10,5.08
17-02-10,5.53
18-02-10,5.39
19-02-10,3.7
20-02-10,4.84
21-02-10,8.92
22-02-10,9.99
23-02-10,9.21
24-02-10,8.97
25-02-10,9.78
26-02-10,7.63
27-02-10,9.02
28-02-10,6.6
01-03-10,7.43
02-03-10,8.79
03-03-10,9.65
04-03-10,8.92
05-03-10,6.63
06-03-10,9.14
07-03-10,6.75
08-03-10,2.89
09-03-10,4.19
10-03-10,3.08
11-03-10,4.05
12-03-10,4.92
13-03-10,4.8
14-03-10,5.71
15-03-10,7.52
16-03-10,9.52
17-03-10,10.64
18-03-10,12.85
19-03-10,13.31
20-03-10,12.47
21-03-10,11.02
22-03-10,9.96
23-03-10,10.71
24-03-10,10.32
25-03-10,7.08
26-03-10,7.66
27-03-10,9.42
28-03-10,10.12
29-03-10,9.09
30-03-10,7.72
31-03-10,6.41
01-04-10,6.27
02-04-10,8.44
03-04-10,7.11
04-04-10,6.95
05-04-10,9.54
06-04-10,9.74
07-04-10,9.01
08-04-10,10.62
09-04-10,12.7
10-04-10,14.53
11-04-10,13.23
12-04-10,9.77
13-04-10,9.34
14-04-10,11.02
15-04-10,12.27
16-04-10,13.24
17-04-10,12.61
18-04-10,12.39
19-04-10,13.03
20-04-10,14.73
21-04-10,13.85
22-04-10,12.76
23-04-10,12.82
24-04-10,12.73
25-04-10,14.24
26-04-10,15.81
27-04-10,17.88
28-04-10,17.84
29-04-10,13.79
30-04-10,12.47
01-05-10,12.24
02-05-10,10.55
03-05-10,8.59
04-05-10,7.63
05-05-10,8.21
06-05-10,8.89
07-05-10,9.74
08-05-10,10.24
09-05-10,10.47
10-05-10,10.06
11-05-10,9.75
12-05-10,8.24
13-05-10,7.64
14-05-10,8.28
15-05-10,9.77
16-05-10,10.12
17-05-10,13.45
18-05-10,16.16
19-05-10,16.97
20-05-10,19.19
21-05-10,20.27
22-05-10,21.39
23-05-10,20.1
24-05-10,16.42
25-05-10,14.05
26-05-10,13.82
27-05-10,13.14
28-05-10,13.63
29-05-10,14.41
30-05-10,16.43
31-05-10,18.38
01-06-10,17.17
02-06-10,18.37
03-06-10,18.61
04-06-10,16.66
05-06-10,15.38
06-06-10,15.09
07-06-10,14.28
08-06-10,12.67
09-06-10,12.15
10-06-10,12.34
11-06-10,12.4
12-06-10,13.77
13-06-10,14.03
14-06-10,12.83
15-06-10,13.29
16-06-10,13.21
17-06-10,12.68
18-06-10,14.26
19-06-10,14.44
20-06-10,15.33
21-06-10,16.09
22-06-10,18.49
23-06-10,19.95
24-06-10,19.96
25-06-10,18.76
26-06-10,18.18
27-06-10,18.31
28-06-10,19.24
29-06-10,18.87
30-06-10,19.79
01-07-10,19.1
02-07-10,15.65
03-07-10,16.8
04-07-10,19.21
05-07-10,18.92
06-07-10,19.51
07-07-10,22.28
08-07-10,21.35
09-07-10,18.71
10-07-10,18.8
11-07-10,18.14
12-07-10,17.09
13-07-10,17.06
14-07-10,15.33
15-07-10,15.33
16-07-10,16.2
17-07-10,16.19
18-07-10,20.01
19-07-10,18.54
20-07-10,17.78
21-07-10,16
22-07-10,15.32
23-07-10,15.87
24-07-10,18.01
25-07-10,19.42
26-07-10,21.12
27-07-10,22.55
28-07-10,22.67
29-07-10,19.89
30-07-10,20.03
31-07-10,19.01
01-08-10,17.24
02-08-10,17.28
03-08-10,18.56
04-08-10,17.75
05-08-10,17.91
06-08-10,19.11
07-08-10,19.55
08-08-10,19.81
09-08-10,20.1
10-08-10,19.61
11-08-10,18.93
12-08-10,18.52
13-08-10,16.2
14-08-10,16.14
15-08-10,16.26
16-08-10,17.86
17-08-10,17.39
18-08-10,18.01
19-08-10,18.42
20-08-10,19.29
21-08-10,21.11
22-08-10,19.33
23-08-10,18.07
24-08-10,18.15
25-08-10,20.53
26-08-10,19.19
27-08-10,18.69
28-08-10,18.63
29-08-10,19.49
30-08-10,20.34
31-08-10,22.49
01-09-10,19.34
02-09-10,18.3
03-09-10,18.46
04-09-10,19.06
05-09-10,18.33
06-09-10,15.89
07-09-10,13.84
08-09-10,14.87
09-09-10,16.11
10-09-10,17.59
11-09-10,18.26
12-09-10,17.31
13-09-10,18.69
14-09-10,20.71
15-09-10,20
16-09-10,17.58
17-09-10,14.99
18-09-10,14.67
19-09-10,15.9
20-09-10,17.48
21-09-10,15.93
22-09-10,16.5
23-09-10,15.63
24-09-10,14.54
25-09-10,12.38
26-09-10,12.24
27-09-10,12.02
28-09-10,14.34
29-09-10,12.75
30-09-10,12.54
01-10-10,13.75
02-10-10,15.75
03-10-10,14.74
04-10-10,13.39
05-10-10,13.95
06-10-10,13.26
07-10-10,16.13
08-10-10,16.7
09-10-10,13.48
10-10-10,12.21
11-10-10,14.43
12-10-10,15.26
13-10-10,14.28
14-10-10,11.96
15-10-10,11.08
16-10-10,10.58
17-10-10,10.84
18-10-10,9.33
19-10-10,9.24
20-10-10,10.16
21-10-10,12.08
22-10-10,10.97
23-10-10,11.36
24-10-10,12.77
25-10-10,10.85
26-10-10,10.38
27-10-10,11.25
28-10-10,12.57
29-10-10,11.32
30-10-10,10.77
31-10-10,9.91
01-11-10,10.84
02-11-10,11.27
03-11-10,13.83
04-11-10,14.14
05-11-10,14.27
06-11-10,11.64
07-11-10,9.17
08-11-10,9.42
09-11-10,8.34
10-11-10,8.68
11-11-10,10.93
12-11-10,12.94
13-11-10,13.25
14-11-10,7.45
15-11-10,7.14
16-11-10,7.48
17-11-10,8.19
18-11-10,8.2
19-11-10,9.04
20-11-10,8.83
21-11-10,8.21
22-11-10,7.08
23-11-10,6.58
24-11-10,4.4
25-11-10,3.68
26-11-10,3.01
27-11-10,3.18
28-11-10,1.71
29-11-10,0.58
30-11-10,3.51
01-12-10,3.08
02-12-10,1.09
03-12-10,1.18
04-12-10,2.12
05-12-10,8.24
06-12-10,11.91
07-12-10,11.6
08-12-10,8.91
09-12-10,7.84
10-12-10,11.04
11-12-10,12.29
12-12-10,10.34
13-12-10,7.96
14-12-10,6.27
15-12-10,3.72
16-12-10,1.85
17-12-10,2.38
18-12-10,1.75
19-12-10,3.44
20-12-10,8.39
21-12-10,6.7
22-12-10,6.36
23-12-10,3.04
24-12-10,1.69
25-12-10,2.47
26-12-10,1.22
27-12-10,5.49
28-12-10,9.28
29-12-10,10.8
30-12-10,10.12
31-12-10,9.76
01-01-11,7.78
02-01-11,7.48
03-01-11,5.94
04-01-11,9.9
05-01-11,11.46
06-01-11,12.31
07-01-11,10.4
08-01-11,9.09
09-01-11,5.36
10-01-11,7.08
11-01-11,10.99
12-01-11,10.78
13-01-11,9.37
14-01-11,9.39
15-01-11,8.05
16-01-11,8.64
17-01-11,10.07
18-01-11,8.3
19-01-11,8.61
20-01-11,7.38
21-01-11,4.35
22-01-11,2.79
23-01-11,3.36
24-01-11,3.7
25-01-11,3.25
26-01-11,2.87
27-01-11,4.53
28-01-11,4.39
29-01-11,4.2
30-01-11,4.84
31-01-11,3.91
01-02-11,3.64
02-02-11,3.77
03-02-11,6.49
04-02-11,6.03
05-02-11,6.13
06-02-11,6.77
07-02-11,7.78
08-02-11,8.34
09-02-11,11.1
10-02-11,11.41
11-02-11,9.45
12-02-11,6.87
13-02-11,6.23
14-02-11,4.42
15-02-11,6.13
16-02-11,4.47
17-02-11,5.68
18-02-11,7.78
19-02-11,9.55
20-02-11,7.75
21-02-11,9.8
22-02-11,10.07
23-02-11,9.37
24-02-11,8.81
25-02-11,9.81
26-02-11,9.19
27-02-11,7.95
28-02-11,6.68
01-03-11,5.11
02-03-11,4.88
03-03-11,5.83
04-03-11,4.73
05-03-11,6.87
06-03-11,8.19
07-03-11,8.91
08-03-11,9.84
09-03-11,9.54
10-03-11,10.36
11-03-11,10.66
12-03-11,8.46
13-03-11,6.55
14-03-11,8.03
15-03-11,7.5
16-03-11,7.39
17-03-11,7.47
18-03-11,8.29
19-03-11,9.75
20-03-11,10.76
21-03-11,10.4
22-03-11,10.5
23-03-11,10.55
24-03-11,11.4
25-03-11,11.61
26-03-11,10.16
27-03-11,9.18
28-03-11,9.52
29-03-11,9.62
30-03-11,11.54
31-03-11,14.18
01-04-11,16.87
02-04-11,11.66
03-04-11,9.01
04-04-11,9.75
05-04-11,14.7
06-04-11,19.21
07-04-11,19.35
08-04-11,19.54
09-04-11,14.34
10-04-11,12.87
11-04-11,12.08
12-04-11,13.28
13-04-11,14.21
14-04-11,12.45
15-04-11,11.1
16-04-11,12.84
17-04-11,14.6
18-04-11,14.59
19-04-11,12.69
20-04-11,12.98
21-04-11,13.23
22-04-11,11.69
23-04-11,12.78
24-04-11,12.84
25-04-11,13.31
26-04-11,14.04
27-04-11,14.61
28-04-11,14.74
29-04-11,14.58
30-04-11,13.2
01-05-11,12.42
02-05-11,12.79
03-05-11,12.69
04-05-11,11.81
05-05-11,13.09
06-05-11,13.82
07-05-11,12.31
08-05-11,11.57
09-05-11,12.35
10-05-11,14.38
11-05-11,16.34
12-05-11,15.43
13-05-11,16.52
14-05-11,12.9
15-05-11,12.93
16-05-11,14.76
17-05-11,15.87
18-05-11,15.53
19-05-11,15.84
20-05-11,15.45
21-05-11,14.72
22-05-11,14.61
23-05-11,16.76
24-05-11,17.87
25-05-11,18.86
26-05-11,12.67
27-05-11,13.41
28-05-11,16.38
29-05-11,16.82
30-05-11,14.88
31-05-11,12.5
01-06-11,13.48
02-06-11,14.15
03-06-11,16.32
04-06-11,17.18
05-06-11,15.65
06-06-11,12.88
07-06-11,11.62
08-06-11,11.2
09-06-11,11.51
10-06-11,12.53
11-06-11,13.33
12-06-11,15.49
13-06-11,15.71
14-06-11,15.91
15-06-11,15.18
16-06-11,14.8
17-06-11,12.66
18-06-11,12.9
19-06-11,15.74
20-06-11,17.07
21-06-11,16.59
22-06-11,14.29
23-06-11,13.72
24-06-11,17.41
25-06-11,23.09
26-06-11,23.79
27-06-11,20.1
28-06-11,14.32
29-06-11,13.99
30-06-11,15.64
01-07-11,19.36
02-07-11,19.26
03-07-11,17.88
04-07-11,17.6
05-07-11,16.88
06-07-11,15.04
07-07-11,13.49
08-07-11,13.9
09-07-11,16.02
10-07-11,16.57
11-07-11,17.69
12-07-11,14.78
13-07-11,15.21
14-07-11,16.03
15-07-11,17.36
16-07-11,16.6
17-07-11,13.67
18-07-11,13.44
19-07-11,13.62
20-07-11,14.73
21-07-11,14.82
22-07-11,14.7
23-07-11,15.14
24-07-11,16.65
25-07-11,17.77
26-07-11,17.35
27-07-11,17.11
28-07-11,19.11
29-07-11,19.2
30-07-11,18.37
31-07-11,17.81
01-08-11,18.1
02-08-11,17.93
03-08-11,18.31
04-08-11,18.59
05-08-11,17.77
06-08-11,16.82
07-08-11,14.89
08-08-11,15.1
09-08-11,16.61
10-08-11,19.13
11-08-11,19.03
12-08-11,18.65
13-08-11,18.93
14-08-11,18.62
15-08-11,19.63
16-08-11,19.62
17-08-11,18.24
18-08-11,18.12
19-08-11,20.84
20-08-11,23.83
21-08-11,21.39
22-08-11,17.35
23-08-11,16.2
24-08-11,15.82
25-08-11,15.21
26-08-11,13.47
27-08-11,14.29
28-08-11,15.94
29-08-11,16.45
30-08-11,16.03
31-08-11,16.73
01-09-11,17.57
02-09-11,16.96
03-09-11,16.34
04-09-11,14.91
05-09-11,15.48
06-09-11,15.77
07-09-11,17.36
08-09-11,19.21
09-09-11,19.71
10-09-11,16.97
11-09-11,16.86
12-09-11,19.11
13-09-11,16.89
14-09-11,18.7
15-09-11,19.49
16-09-11,16.78
17-09-11,14.56
18-09-11,13.33
19-09-11,13.9
20-09-11,16.62
21-09-11,16.47
22-09-11,17.06
23-09-11,15.21
24-09-11,15.59
25-09-11,18.33
26-09-11,17.69
27-09-11,18.44
28-09-11,18.05
29-09-11,20.2
30-09-11,20.28
01-10-11,21.21
02-10-11,20.99
03-10-11,19.68
04-10-11,19.07
05-10-11,18.85
06-10-11,16.66
07-10-11,13.53
08-10-11,12.99
09-10-11,14.52
10-10-11,17.58
11-10-11,18.09
12-10-11,17.76
13-10-11,18.75
14-10-11,18.35
15-10-11,16.69
16-10-11,16.24
17-10-11,15.08
18-10-11,12.66
19-10-11,13.08
20-10-11,11.59
21-10-11,11.15
22-10-11,13.22
23-10-11,13.99
24-10-11,10.02
25-10-11,8.19
26-10-11,11.18
27-10-11,11.36
28-10-11,10.44
29-10-11,10.29
30-10-11,11.52
31-10-11,10.79
01-11-11,9.47
02-11-11,12.96
03-11-11,10.36
04-11-11,8.86
05-11-11,9.15
06-11-11,8.32
07-11-11,9.43
08-11-11,9.06
09-11-11,11.72
10-11-11,12.38
11-11-11,11.15
12-11-11,14.23
13-11-11,16.05
14-11-11,13.24
15-11-11,9.79
16-11-11,9.85
17-11-11,8.27
18-11-11,8.94
19-11-11,10.86
20-11-11,11.2
21-11-11,9.45
22-11-11,9.4
23-11-11,12.12
24-11-11,10.6
25-11-11,8.64
26-11-11,8.81
27-11-11,8.05
28-11-11,6.99
29-11-11,8.62
30-11-11,10.75
01-12-11,10.38
02-12-11,7.21
03-12-11,7.53
04-12-11,9.98
05-12-11,11.09
06-12-11,9.35
07-12-11,10.26
08-12-11,10.31
09-12-11,10.04
10-12-11,9.19
11-12-11,6.69
12-12-11,8.33
13-12-11,10.73
14-12-11,8.18
15-12-11,9.45
16-12-11,9.68
17-12-11,4.94
18-12-11,4.42
19-12-11,3.89
20-12-11,8.2
21-12-11,9.93
22-12-11,8.48
23-12-11,6.73
24-12-11,6.04
25-12-11,4.48
26-12-11,5.75
27-12-11,5.27
28-12-11,5.24
29-12-11,5.29
30-12-11,4.21
31-12-11,8.02
01-01-12,10.68
02-01-12,8.17
03-01-12,10.11
04-01-12,11.07
05-01-12,9.3
06-01-12,9.35
07-01-12,8.79
08-01-12,6.82
09-01-12,4.95
10-01-12,5.58
11-01-12,4.62
12-01-12,4.02
13-01-12,4.21
14-01-12,3.93
15-01-12,5.38
16-01-12,3.71
17-01-12,4.71
18-01-12,8.69
19-01-12,9.76
20-01-12,9.59
21-01-12,9.4
22-01-12,7.37
23-01-12,8.51
24-01-12,7.56
25-01-12,6.91
26-01-12,6.06
27-01-12,4.07
28-01-12,4.29
29-01-12,4.68
30-01-12,3.74
31-01-12,5.14
01-02-12,6.66
02-02-12,2.47
03-02-12,1.64
04-02-12,1.05
05-02-12,5.09
06-02-12,8.76
07-02-12,7.58
08-02-12,3.21
09-02-12,3.55
10-02-12,2.37
11-02-12,3.18
12-02-12,1.39
13-02-12,3.32
14-02-12,6.26
15-02-12,6.27
16-02-12,7.04
17-02-12,5.47
18-02-12,5.28
19-02-12,5.97
20-02-12,5
21-02-12,5.72
22-02-12,6.35
23-02-12,8.8
24-02-12,9.94
25-02-12,10.11
26-02-12,9.49
27-02-12,9.66
28-02-12,9.82
29-02-12,8.98
01-03-12,9.99
02-03-12,9.16
03-03-12,9.89
04-03-12,8.69
05-03-12,5.95
06-03-12,6.94
07-03-12,9.93
08-03-12,10.69
09-03-12,10.74
10-03-12,12.39
11-03-12,10.96
12-03-12,11.14
13-03-12,11.07
14-03-12,11.41
15-03-12,12.95
16-03-12,10.49
17-03-12,7.65
18-03-12,5.55
19-03-12,6.03
20-03-12,6.36
21-03-12,6.37
22-03-12,8.47
23-03-12,13
24-03-12,14.91
25-03-12,15.7
26-03-12,15.06
27-03-12,15.26
28-03-12,14.79
29-03-12,14.18
30-03-12,14.1
31-03-12,12.86
01-04-12,12.24
02-04-12,10.59
03-04-12,8.51
04-04-12,6.97
05-04-12,5.6
06-04-12,4.99
07-04-12,7.28
08-04-12,8.32
09-04-12,10.27
10-04-12,8.75
11-04-12,8.35
12-04-12,7.93
13-04-12,7.48
14-04-12,7.44
15-04-12,6.51
16-04-12,7.55
17-04-12,8.35
18-04-12,7.35
19-04-12,8.45
20-04-12,10.24
21-04-12,10
22-04-12,8.5
23-04-12,8.29
24-04-12,7.69
25-04-12,8.88
26-04-12,7.46
27-04-12,7.7
28-04-12,7.07
29-04-12,7.53
30-04-12,7.31
01-05-12,9.31
02-05-12,10.52
03-05-12,10.21
04-05-12,9.56
05-05-12,9.94
06-05-12,10.62
07-05-12,11.53
08-05-12,14.02
09-05-12,16.76
10-05-12,18.8
11-05-12,18.12
12-05-12,16.2
13-05-12,16.08
14-05-12,13.51
15-05-12,11.78
16-05-12,17.14
17-05-12,14.11
18-05-12,11.39
19-05-12,9.73
20-05-12,9.24
21-05-12,10.49
22-05-12,13.97
23-05-12,16.16
24-05-12,18.68
25-05-12,14.55
26-05-12,12.29
27-05-12,12.6
28-05-12,14.08
29-05-12,14.51
30-05-12,16.33
31-05-12,19.79
01-06-12,21.32
02-06-12,15.73
03-06-12,15.24
04-06-12,16.11
05-06-12,16.02
06-06-12,15.88
07-06-12,14.01
08-06-12,13.05
09-06-12,12.59
10-06-12,14.88
11-06-12,12.86
12-06-12,12.62
13-06-12,12.57
14-06-12,13.79
15-06-12,14.97
16-06-12,15.06
17-06-12,12.91
18-06-12,12.63
19-06-12,14.61
20-06-12,14.06
21-06-12,13.96
22-06-12,12.74
23-06-12,14.47
24-06-12,17.06
25-06-12,19.62
26-06-12,22.58
27-06-12,22.65
28-06-12,16.67
29-06-12,14.83
30-06-12,13.5
01-07-12,12.88
02-07-12,14.77
03-07-12,16.24
04-07-12,15.08
05-07-12,13.27
06-07-12,14.66
07-07-12,14.7
08-07-12,15.11
09-07-12,14.85
10-07-12,14.02
11-07-12,13.45
12-07-12,13.86
13-07-12,14.46
14-07-12,14.13
15-07-12,14.69
16-07-12,18.12
17-07-12,22.29
18-07-12,18.96
19-07-12,16.49
20-07-12,16.55
21-07-12,17.42
22-07-12,18.47
23-07-12,20.09
24-07-12,20.49
25-07-12,20.75
26-07-12,20.04
27-07-12,18.47
28-07-12,16.47
29-07-12,15.7
30-07-12,16.91
31-07-12,17.56
01-08-12,16.38
02-08-12,16.19
03-08-12,15.94
04-08-12,14.55
05-08-12,14.14
06-08-12,14.98
07-08-12,17.21
08-08-12,20.75
09-08-12,21.38
10-08-12,20.65
11-08-12,17.43
12-08-12,16.94
13-08-12,17.31
14-08-12,17.35
15-08-12,15.73
16-08-12,17.01
17-08-12,18.77
18-08-12,18.78
19-08-12,20.4
20-08-12,20.54
21-08-12,19.4
22-08-12,19.09
23-08-12,17.51
24-08-12,15.58
25-08-12,15.56
26-08-12,15.18
27-08-12,15.77
28-08-12,16.81
29-08-12,15.4
30-08-12,15.82
31-08-12,15.37
01-09-12,16.22
02-09-12,17.81
03-09-12,18.15
04-09-12,17.16
05-09-12,18.6
06-09-12,21.06
07-09-12,21.75
08-09-12,20.12
09-09-12,17.61
10-09-12,17.4
11-09-12,18.82
12-09-12,16.23
13-09-12,15.63
14-09-12,16.53
15-09-12,19.53
16-09-12,18
17-09-12,16.23
18-09-12,17.32
19-09-12,16.91
20-09-12,18.83
21-09-12,16.82
22-09-12,18.73
23-09-12,17.04
24-09-12,13.83
25-09-12,11.49
26-09-12,11.01
27-09-12,11.61
28-09-12,13.4
29-09-12,14.14
30-09-12,13.09
01-10-12,12.03
02-10-12,14.31
03-10-12,13.67
04-10-12,13.41
05-10-12,15.01
06-10-12,16.53
07-10-12,19.42
08-10-12,17.79
09-10-12,17.12
10-10-12,16.45
11-10-12,14.3
12-10-12,11.05
13-10-12,10.07
14-10-12,11
15-10-12,10.85
16-10-12,12.86
17-10-12,10.99
18-10-12,8.79
19-10-12,8.47
20-10-12,9.33
21-10-12,10.64
22-10-12,14.75
23-10-12,17.09
24-10-12,14.99
25-10-12,14.38
26-10-12,13.78
27-10-12,10.41
28-10-12,7.03
29-10-12,6.97
30-10-12,8.2
31-10-12,7.41
01-11-12,10.09
02-11-12,11.82
03-11-12,11.42
04-11-12,8.54
05-11-12,7.9
06-11-12,6.75
07-11-12,6.88
08-11-12,9.77
09-11-12,9.98
10-11-12,8.87
11-11-12,6.3
12-11-12,6.33
13-11-12,7.11
14-11-12,9.29
15-11-12,14.03
16-11-12,12.36
17-11-12,10.64
18-11-12,8.19
19-11-12,8.55
20-11-12,11.68
21-11-12,7.75
22-11-12,5.78
23-11-12,10.25
24-11-12,11.11
25-11-12,6.62
26-11-12,6.36
27-11-12,4.16
28-11-12,5.38
29-11-12,5.42
30-11-12,5.9
01-12-12,5
02-12-12,4.46
03-12-12,6.32
04-12-12,7.03
05-12-12,6.24
06-12-12,7.93
07-12-12,8.97
08-12-12,5.88
09-12-12,4.73
10-12-12,3.29
11-12-12,3.79
12-12-12,5.19
13-12-12,9.64
14-12-12,10.98
15-12-12,10.05
16-12-12,9.92
17-12-12,10.01
18-12-12,11.16
19-12-12,11.09
20-12-12,9.65
21-12-12,12.08
22-12-12,12.28
23-12-12,11.98
24-12-12,11
25-12-12,7.76
26-12-12,7.64
27-12-12,10.17
28-12-12,9.9
29-12-12,8.57
30-12-12,8.35
31-12-12,9.07
01-01-13,8.88
02-01-13,6.78
03-01-13,7.98
04-01-13,7.75
05-01-13,6.56
06-01-13,6.11
07-01-13,4.69
08-01-13,7.45
09-01-13,9.68
10-01-13,8.84
11-01-13,6.88
12-01-13,5.92
13-01-13,5.83
14-01-13,6.5
15-01-13,6.49
16-01-13,9.25
17-01-13,9.04
18-01-13,10.85
19-01-13,6.82
20-01-13,5.51
21-01-13,4.77
22-01-13,2.94
23-01-13,5.05
24-01-13,7.29
25-01-13,8.39
26-01-13,9.65
27-01-13,8.47
28-01-13,7.82
29-01-13,10.51
30-01-13,11.59
31-01-13,12.13
01-02-13,10.39
02-02-13,5.66
03-02-13,5.66
04-02-13,8.59
05-02-13,8.18
06-02-13,5.63
07-02-13,5.26
08-02-13,6.92
09-02-13,6.27
10-02-13,5.65
11-02-13,3.1
12-02-13,5.61
13-02-13,9.58
14-02-13,8.93
15-02-13,9.4
16-02-13,9.22
17-02-13,8.59
18-02-13,9.36
19-02-13,7.94
20-02-13,7.63
21-02-13,9.59
22-02-13,7.15
23-02-13,2.7
24-02-13,2.82
25-02-13,2.66
26-02-13,3.48
27-02-13,3.87
28-02-13,4.39
01-03-13,4.09
02-03-13,6.06
03-03-13,9.24
04-03-13,11.4
05-03-13,12.41
06-03-13,11.38
07-03-13,10.4
08-03-13,10.21
09-03-13,9.41
10-03-13,8.56
11-03-13,7.75
12-03-13,4.83
13-03-13,2.6
14-03-13,4.39
15-03-13,5.94
16-03-13,5.89
17-03-13,6.95
18-03-13,5.95
19-03-13,6.27
20-03-13,7.53
21-03-13,11.89
22-03-13,9.61
23-03-13,7.86
24-03-13,8.53
25-03-13,9.58
26-03-13,10.64
27-03-13,10.88
28-03-13,10.82
29-03-13,11.51
30-03-13,10.84
31-03-13,11.24
01-04-13,8.96
02-04-13,9.17
03-04-13,9.31
04-04-13,6.81
05-04-13,4.53
06-04-13,5.88
07-04-13,5.97
08-04-13,8.48
09-04-13,9.17
10-04-13,11.38
11-04-13,10.42
12-04-13,10.8
13-04-13,12.94
14-04-13,13.09
15-04-13,11.8
16-04-13,12.52
17-04-13,13.27
18-04-13,10.12
19-04-13,9.66
20-04-13,10.36
21-04-13,9.92
22-04-13,10.4
23-04-13,13.76
24-04-13,15.67
25-04-13,15.06
26-04-13,9.62
27-04-13,5.07
28-04-13,5.66
29-04-13,7.49
30-04-13,7.18
01-05-13,8.58
02-05-13,9.69
03-05-13,11.12
04-05-13,13.3
05-05-13,14.18
06-05-13,11.27
07-05-13,13.5
08-05-13,12.94
09-05-13,10.62
10-05-13,9.77
11-05-13,9.36
12-05-13,11.09
13-05-13,12.35
14-05-13,10.69
15-05-13,8.75
16-05-13,7.52
17-05-13,7.41
18-05-13,7.84
19-05-13,8.02
20-05-13,9.23
21-05-13,10.18
22-05-13,11.97
23-05-13,11.55
24-05-13,10.58
25-05-13,11.26
26-05-13,9.89
27-05-13,9.79
28-05-13,8.88
29-05-13,8.99
30-05-13,11.07
31-05-13,12.1
01-06-13,12.42
02-06-13,13.15
03-06-13,14.79
04-06-13,17.21
05-06-13,16.11
06-06-13,13.26
07-06-13,11.64
08-06-13,11.74
09-06-13,13.34
10-06-13,13.47
11-06-13,15.52
12-06-13,16.96
13-06-13,14.02
14-06-13,14.22
15-06-13,15.44
16-06-13,13.62
17-06-13,10.98
18-06-13,12.47
19-06-13,12.63
20-06-13,11.86
21-06-13,14.25
22-06-13,13.73
23-06-13,13.46
24-06-13,14.66
25-06-13,16.11
26-06-13,16.39
27-06-13,16.49
28-06-13,16.67
29-06-13,18.65
30-06-13,20.15
01-07-13,16.21
02-07-13,17.08
03-07-13,19.26
04-07-13,21.47
05-07-13,23.32
06-07-13,24.77
07-07-13,24.14
08-07-13,24.03
09-07-13,22.78
10-07-13,21.41
11-07-13,22.28
12-07-13,21.94
13-07-13,21.09
14-07-13,21
15-07-13,21.13
16-07-13,21.2
17-07-13,21.09
18-07-13,21.05
19-07-13,20.36
20-07-13,20.04
21-07-13,19.42
22-07-13,18.01
23-07-13,18.83
24-07-13,19.43
25-07-13,18.84
26-07-13,16.85
27-07-13,16.69
28-07-13,16.23
29-07-13,17.03
30-07-13,18.94
31-07-13,20.57
01-08-13,19.69
02-08-13,17.66
03-08-13,16.74
04-08-13,18.29
05-08-13,18.43
06-08-13,16.55
07-08-13,15.2
08-08-13,17.43
09-08-13,18.77
10-08-13,21.14
11-08-13,22.27
12-08-13,19.33
13-08-13,19.33
14-08-13,20.7
15-08-13,20.17
16-08-13,18.92
17-08-13,18.86
18-08-13,19.58
19-08-13,19.01
20-08-13,21.14
21-08-13,21.31
22-08-13,18.28
23-08-13,18.68
24-08-13,16.76
25-08-13,16.1
26-08-13,17.4
27-08-13,18.34
28-08-13,18.81
29-08-13,18.54
30-08-13,18.49
31-08-13,18.8
01-09-13,20.19
02-09-13,22.18
03-09-13,22.21
04-09-13,21.7
05-09-13,17.56
06-09-13,15.09
07-09-13,13.75
08-09-13,13.91
09-09-13,15.8
10-09-13,17.11
11-09-13,16.54
12-09-13,17.1
13-09-13,19.35
14-09-13,17.31
15-09-13,17
16-09-13,14.81
17-09-13,15.57
18-09-13,17.32
19-09-13,18.03
20-09-13,18.58
21-09-13,20.8
22-09-13,22.34
23-09-13,21.83
24-09-13,19.1
25-09-13,18.11
26-09-13,18.82
27-09-13,17.14
28-09-13,15.75
29-09-13,16.08
30-09-13,18.38
01-10-13,18.21
02-10-13,16.75
03-10-13,16.39
04-10-13,15.17
05-10-13,14.8
06-10-13,14.85
07-10-13,15.74
08-10-13,14.97
09-10-13,15.03
10-10-13,13.82
11-10-13,12.2
12-10-13,12.27
13-10-13,13.51
14-10-13,15.15
15-10-13,16.51
16-10-13,16.43
17-10-13,16.74
18-10-13,16.14
19-10-13,14.62
20-10-13,15.13
21-10-13,15.64
22-10-13,14.94
23-10-13,15.2
24-10-13,15.07
25-10-13,14.52
26-10-13,13.58
27-10-13,15.07
28-10-13,12.51
29-10-13,9.3
30-10-13,8.39
31-10-13,10.58
01-11-13,14.24
02-11-13,13.89
03-11-13,10.59
04-11-13,13.32
05-11-13,14.45
06-11-13,14.21
07-11-13,13.91
08-11-13,9.76
09-11-13,9.99
10-11-13,12.43
11-11-13,11.53
12-11-13,10.95
13-11-13,11.91
14-11-13,9.84
15-11-13,8.51
16-11-13,7.88
17-11-13,8.04
18-11-13,7.76
19-11-13,8.27
20-11-13,5.31
21-11-13,6.6
22-11-13,6.27
23-11-13,4.92
24-11-13,6.18
25-11-13,7.07
26-11-13,5.88
27-11-13,5.53
28-11-13,4.32
29-11-13,4.32
30-11-13,6.5
01-12-13,6.03
02-12-13,4.02
03-12-13,4.43
04-12-13,4.87
05-12-13,5.57
06-12-13,5.18
07-12-13,4.57
08-12-13,4.14
09-12-13,3.34
10-12-13,5.77
11-12-13,10.59
12-12-13,11.76
13-12-13,10.02
14-12-13,6.91
15-12-13,7.76
16-12-13,8.75
17-12-13,7.68
18-12-13,8.07
19-12-13,6.9
20-12-13,3.99
21-12-13,6.03
22-12-13,9.27
23-12-13,10.14
24-12-13,9.77
25-12-13,4.98
26-12-13,7.49
27-12-13,11.26
28-12-13,5.07
29-12-13,5.41
30-12-13,8.09
31-12-13,9.02
01-01-14,10.6
02-01-14,10.87
03-01-14,10.43
04-01-14,6.19
05-01-14,10.29
06-01-14,10.45
07-01-14,9.7
08-01-14,11.08
09-01-14,9.57
10-01-14,8.59
11-01-14,7.51
12-01-14,8.44
13-01-14,6.57
14-01-14,10.08
15-01-14,8.94
16-01-14,6.26
17-01-14,6.47
18-01-14,5.29
19-01-14,4.56
20-01-14,5.9
21-01-14,7.68
22-01-14,7.2
23-01-14,7.31
24-01-14,7.7
25-01-14,10.23
26-01-14,10.04
27-01-14,5.38
28-01-14,5.97
29-01-14,5.08
30-01-14,5.67
31-01-14,8.83
01-02-14,4.57
02-02-14,5.11
03-02-14,4.66
04-02-14,6.08
05-02-14,6.73
06-02-14,9.54
07-02-14,7.32
08-02-14,6.18
09-02-14,5.31
10-02-14,4.26
11-02-14,6.57
12-02-14,7.49
13-02-14,10.59
14-02-14,9.32
15-02-14,5.06
16-02-14,4.5
17-02-14,5.9
18-02-14,7.25
19-02-14,8.77
20-02-14,8.61
21-02-14,5.44
22-02-14,8.66
23-02-14,8.89
24-02-14,7.72
25-02-14,6.87
26-02-14,6.49
27-02-14,9.69
28-02-14,8.02
01-03-14,9.36
02-03-14,9.02
03-03-14,6.03
04-03-14,7.45
05-03-14,9.08
06-03-14,9.36
07-03-14,11.1
08-03-14,13.47
09-03-14,14.16
10-03-14,13.6
11-03-14,11.22
12-03-14,11.55
13-03-14,11.48
14-03-14,9.7
15-03-14,10.07
16-03-14,11.84
17-03-14,12.04
18-03-14,9.19
19-03-14,11.11
20-03-14,10.98
21-03-14,9.35
22-03-14,6.65
23-03-14,6.29
24-03-14,8.41
25-03-14,7.11
26-03-14,6.26
27-03-14,5.98
28-03-14,7.24
29-03-14,8.18
30-03-14,7.74
31-03-14,9.81
01-04-14,10.06
02-04-14,9.55
03-04-14,8.69
04-04-14,9.36
05-04-14,13.27
06-04-14,13.75
07-04-14,11.59
08-04-14,11.19
09-04-14,15.36
10-04-14,15.98
11-04-14,12.38
12-04-14,11.43
13-04-14,14.5
14-04-14,15.74
15-04-14,16.3
16-04-14,15.22
17-04-14,15.27
18-04-14,14.22
19-04-14,11.15
20-04-14,10.24
21-04-14,9.32
22-04-14,10.64
23-04-14,10.99
24-04-14,7.72
25-04-14,8.48
26-04-14,11.12
27-04-14,9.54
28-04-14,12.19
29-04-14,11.87
30-04-14,12.74
01-05-14,11.45
02-05-14,12.51
03-05-14,13.19
04-05-14,15.86
05-05-14,14.45
06-05-14,13.43
07-05-14,13.77
08-05-14,14.15
09-05-14,15.55
10-05-14,14.64
11-05-14,12.25
12-05-14,10.81
13-05-14,10.58
14-05-14,14.27
15-05-14,16.75
16-05-14,16.31
17-05-14,15.18
18-05-14,15.13
19-05-14,10.06
20-05-14,8.79
21-05-14,9.2
22-05-14,10.74
23-05-14,9.19
24-05-14,9.06
25-05-14,8.82
26-05-14,9.8
27-05-14,11.08
28-05-14,12.57
29-05-14,12.11
30-05-14,12.31
31-05-14,12.74
01-06-14,13.87
02-06-14,14.45
03-06-14,14.07
04-06-14,12.11
05-06-14,13.73
06-06-14,14.34
07-06-14,14.11
08-06-14,13.91
09-06-14,13.77
10-06-14,14.28
11-06-14,17.59
12-06-14,20.57
13-06-14,19.99
14-06-14,18.54
15-06-14,18.45
16-06-14,17.28
17-06-14,18.41
18-06-14,19.31
19-06-14,18.58
20-06-14,17.62
21-06-14,16.85
22-06-14,16.6
23-06-14,16.22
24-06-14,16.21
25-06-14,15.5
26-06-14,15.62
27-06-14,16
28-06-14,14.65
29-06-14,14.27
30-06-14,14.51
01-07-14,14.34
02-07-14,15.64
03-07-14,16.98
04-07-14,17.04
05-07-14,16.54
06-07-14,15.24
07-07-14,14.21
08-07-14,15.4
09-07-14,15.39
10-07-14,15.74
11-07-14,16.59
12-07-14,16.68
13-07-14,16.94
14-07-14,19.14
15-07-14,19.85
16-07-14,20.76
17-07-14,18.15
18-07-14,15.57
19-07-14,15.64
20-07-14,16.4
21-07-14,16.79
22-07-14,20.36
23-07-14,20.02
24-07-14,19.19
25-07-14,18.91
26-07-14,20.6
27-07-14,20.21
28-07-14,18.68
29-07-14,18.12
30-07-14,19.38
31-07-14,19.88
01-08-14,17.27
02-08-14,16.8
03-08-14,16.09
04-08-14,16.24
05-08-14,17.94
06-08-14,19.22
07-08-14,20.16
08-08-14,18.67
09-08-14,19.12
10-08-14,17.06
11-08-14,15.64
12-08-14,15.33
13-08-14,14.68
14-08-14,14.67
15-08-14,14.89
16-08-14,15.94
17-08-14,17.95
18-08-14,17.13
19-08-14,16.16
20-08-14,15.47
21-08-14,15.33
22-08-14,15.79
23-08-14,15.21
24-08-14,16.21
25-08-14,17.83
26-08-14,18.93
27-08-14,19.99
28-08-14,17.57
29-08-14,16.35
30-08-14,18.1
31-08-14,19.63
01-09-14,21.6
02-09-14,22.72
03-09-14,19.21
04-09-14,18.66
05-09-14,19.01
06-09-14,19.03
07-09-14,17.55
08-09-14,18.29
09-09-14,19.74
10-09-14,19.48
11-09-14,19.6
12-09-14,19.67
13-09-14,18.87
14-09-14,16.71
15-09-14,17.64
16-09-14,18.41
17-09-14,17.88
18-09-14,16.53
19-09-14,17.6
20-09-14,17.54
21-09-14,17.82
22-09-14,16.59
23-09-14,16.29
24-09-14,14.53
25-09-14,14.27
26-09-14,15.87
27-09-14,16.66
28-09-14,16.43
29-09-14,14.43
30-09-14,14.89
01-10-14,16.9
02-10-14,17.86
03-10-14,17.58
04-10-14,14.8
05-10-14,13.16
06-10-14,13.66
07-10-14,14.94
08-10-14,14.46
09-10-14,12.11
10-10-14,12.29
11-10-14,13.08
12-10-14,13.06
13-10-14,11.84
14-10-14,12.15
15-10-14,15.64
16-10-14,14.65
17-10-14,17.13
18-10-14,17.62
19-10-14,18.06
20-10-14,18.45
21-10-14,17.65
22-10-14,16.25
23-10-14,16.71
24-10-14,17.49
25-10-14,16.85
26-10-14,17.88
27-10-14,16.21
28-10-14,16.7
29-10-14,16.23
30-10-14,16.51
31-10-14,17.21
01-11-14,13.3
02-11-14,10.94
03-11-14,10.11
04-11-14,7.17
05-11-14,7.97
06-11-14,10.54
07-11-14,10.89
08-11-14,9.11
09-11-14,7.4
10-11-14,8.66
11-11-14,10.23
12-11-14,10.97
13-11-14,12.6
14-11-14,8.72
15-11-14,8.93
16-11-14,9.3
17-11-14,8.95
18-11-14,9.21
19-11-14,10.98
20-11-14,13.86
21-11-14,13.77
22-11-14,12.41
23-11-14,10.15
24-11-14,11.05
25-11-14,9.59
26-11-14,8.58
27-11-14,8.86
28-11-14,8.24
29-11-14,8.66
30-11-14,13.45
01-12-14,10.8
02-12-14,9.45
03-12-14,7.65
04-12-14,6.04
05-12-14,5.63
06-12-14,6.79
07-12-14,7.36
08-12-14,7.67
09-12-14,7.3
10-12-14,8.06
11-12-14,7.75
12-12-14,7.33
13-12-14,6.35
14-12-14,6.73
15-12-14,6.25
16-12-14,9.95
17-12-14,9.04
18-12-14,8.45
19-12-14,7.12
20-12-14,9
21-12-14,8.38
22-12-14,6.17
23-12-14,6.08
24-12-14,7.66
25-12-14,7.49
26-12-14,6.5
27-12-14,8.2
28-12-14,6.92
29-12-14,2.76
30-12-14,2.98
31-12-14,4.2
01-01-15,5.34
02-01-15,5.97
03-01-15,6.08
04-01-15,6.93
05-01-15,6.58
06-01-15,6.91
07-01-15,5.28
08-01-15,5.55
09-01-15,6.21
10-01-15,5.57
11-01-15,7.63
12-01-15,7.28
13-01-15,8.08
14-01-15,7.82
15-01-15,6.99
16-01-15,3.85
17-01-15,3.69
18-01-15,4.92
19-01-15,4.27
20-01-15,4.29
21-01-15,4.83
22-01-15,5.91
23-01-15,7.44
24-01-15,8.91
25-01-15,6.52
26-01-15,4.42
27-01-15,6.85
28-01-15,6.68
29-01-15,9.29
30-01-15,10.05
31-01-15,4.79
01-02-15,4.12
02-02-15,6.34
03-02-15,4.94
04-02-15,2.32
05-02-15,2.36
06-02-15,2.26
07-02-15,2.96
08-02-15,3.29
09-02-15,5.66
10-02-15,5.05
11-02-15,5.05
12-02-15,6.27
13-02-15,6.76
14-02-15,8.25
15-02-15,8.34
16-02-15,6.79
17-02-15,5.95
18-02-15,4.98
19-02-15,5.59
20-02-15,7.19
21-02-15,7.34
22-02-15,7.17
23-02-15,7.65
24-02-15,6.07
25-02-15,8.43
26-02-15,8.89
27-02-15,7.33
28-02-15,9.32
01-03-15,11.08
02-03-15,10.82
03-03-15,9.33
04-03-15,6.93
05-03-15,7.05
06-03-15,9.56
07-03-15,11.14
08-03-15,10.64
09-03-15,10.42
10-03-15,10.48
11-03-15,10.05
12-03-15,8.7
13-03-15,7.26
14-03-15,5.63
15-03-15,5.75
16-03-15,6.89
17-03-15,8.93
18-03-15,9.76
19-03-15,10.5
20-03-15,9.08
21-03-15,8.54
22-03-15,8.67
23-03-15,5.52
24-03-15,7.19
25-03-15,6.25
26-03-15,8.6
27-03-15,11.02
28-03-15,9.8
29-03-15,11.22
30-03-15,11.4
31-03-15,11.08
01-04-15,11.76
02-04-15,12.8
03-04-15,12.06
04-04-15,10.76
05-04-15,12.72
06-04-15,12.35
07-04-15,13.87
08-04-15,13.71
09-04-15,11.67
10-04-15,11.08
11-04-15,11.6
12-04-15,14.36
13-04-15,17.08
14-04-15,17.59
15-04-15,13.9
16-04-15,11.33
17-04-15,10.01
18-04-15,8.73
19-04-15,9.89
20-04-15,11.82
21-04-15,14.5
22-04-15,11.59
23-04-15,11.82
24-04-15,11.42
25-04-15,12.37
26-04-15,11.6
27-04-15,10.74
28-04-15,10.08
29-04-15,10.75
30-04-15,13.06
01-05-15,14.23
02-05-15,14.83
03-05-15,14.52
04-05-15,13.96
05-05-15,9.85
06-05-15,10.46
07-05-15,14.17
08-05-15,13.94
09-05-15,14.89
10-05-15,15.73
11-05-15,16.93
12-05-15,17.94
13-05-15,16
14-05-15,11.74
15-05-15,11.58
16-05-15,14.21
17-05-15,15.85
18-05-15,13.35
19-05-15,10.05
20-05-15,10.1
21-05-15,11.62
22-05-15,11.81
23-05-15,12.81
24-05-15,14.36
25-05-15,14.96
26-05-15,15.22
27-05-15,15.94
28-05-15,16.23
29-05-15,14.75
30-05-15,14.6
31-05-15,14.13
01-06-15,15.03
02-06-15,15.29
03-06-15,17.67
04-06-15,19.12
05-06-15,16.99
06-06-15,16.82
07-06-15,19.84
08-06-15,20.24
09-06-15,16.61
10-06-15,13.88
11-06-15,13.79
12-06-15,12.53
13-06-15,12.25
14-06-15,13.14
15-06-15,14.4
16-06-15,15.05
17-06-15,16.92
18-06-15,19.54
19-06-15,19.38
20-06-15,21.12
21-06-15,22.62
22-06-15,20.39
23-06-15,17.59
24-06-15,18.41
25-06-15,19.07
26-06-15,18.65
27-06-15,19.78
28-06-15,19.69
29-06-15,22.65
30-06-15,20.72
01-07-15,18.09
02-07-15,16.88
03-07-15,18.01
04-07-15,18.64
05-07-15,17.64
06-07-15,18.81
07-07-15,17.3
08-07-15,17.5
09-07-15,21.31
10-07-15,18.64
11-07-15,17.91
12-07-15,18.75
13-07-15,19.62
14-07-15,20.21
15-07-15,20.4
16-07-15,19.97
17-07-15,20.36
18-07-15,18.65
19-07-15,19.52
20-07-15,21.62
21-07-15,20.45
22-07-15,18.69
23-07-15,19.26
24-07-15,16.92
25-07-15,17.17
26-07-15,18.01
27-07-15,18.05
28-07-15,18.37
29-07-15,18.85
30-07-15,17.46
31-07-15,15.99
01-08-15,17.51
02-08-15,18.76
03-08-15,17.4
04-08-15,16.71
05-08-15,16.71
06-08-15,18.56
07-08-15,15.62
08-08-15,15.75
09-08-15,18.92
10-08-15,19.89
11-08-15,19.51
12-08-15,18.5
13-08-15,13.8
14-08-15,14.01
15-08-15,15.68
16-08-15,16.57
17-08-15,17.22
18-08-15,17.28
19-08-15,17.8
20-08-15,19.41
21-08-15,19.38
22-08-15,16.32
23-08-15,13.54
24-08-15,14.6
25-08-15,17.17
26-08-15,17.62
27-08-15,19.41
28-08-15,20.3
29-08-15,20.51
30-08-15,21.13
31-08-15,17.94
01-09-15,15.83
02-09-15,14.28
03-09-15,13.94
04-09-15,13.59
05-09-15,14.82
06-09-15,16.05
07-09-15,17.42
08-09-15,17.17
09-09-15,14.27
10-09-15,15.15
11-09-15,14.58
12-09-15,14.31
13-09-15,13.45
14-09-15,12.78
15-09-15,14.49
16-09-15,13.59
17-09-15,12.52
18-09-15,12.56
19-09-15,13.78
20-09-15,16.14
21-09-15,14.27
22-09-15,12.69
23-09-15,14.2
24-09-15,16.21
25-09-15,17.57
26-09-15,17.32
27-09-15,16.24
28-09-15,16.18
29-09-15,15.87
30-09-15,13.25
01-10-15,13.59
02-10-15,11.62
03-10-15,11.05
04-10-15,17.02
05-10-15,16.77
06-10-15,13.14
07-10-15,11.92
08-10-15,11.66
09-10-15,13.52
10-10-15,14.95
11-10-15,15.7
12-10-15,14.39
13-10-15,12.61
14-10-15,11.43
15-10-15,11.29
16-10-15,12.32
17-10-15,16.36
18-10-15,14.3
19-10-15,13.34
20-10-15,13.25
21-10-15,11.59
22-10-15,12.05
23-10-15,14.05
24-10-15,13.83
25-10-15,14.68
26-10-15,13.38
27-10-15,9.34
28-10-15,11.26
29-10-15,14.63
30-10-15,15.67
31-10-15,14.55
01-11-15,14.38
02-11-15,14.26
03-11-15,12.89
04-11-15,13.78
05-11-15,14.93
06-11-15,16.38
07-11-15,16.32
08-11-15,16.17
09-11-15,14.53
10-11-15,13.14
11-11-15,12.2
12-11-15,12.07
13-11-15,12.49
14-11-15,12.23
15-11-15,10.96
16-11-15,10.91
17-11-15,12.68
18-11-15,13.68
19-11-15,13.67
20-11-15,11.81
21-11-15,8.27
22-11-15,6.42
23-11-15,6.05
24-11-15,7.53
25-11-15,10
26-11-15,10.85
27-11-15,11.06
28-11-15,7.53
29-11-15,6
30-11-15,5.53
01-12-15,5.22
02-12-15,9.14
03-12-15,12.38
04-12-15,10.77
05-12-15,8.89
06-12-15,9.84
07-12-15,11.02
08-12-15,10.28
09-12-15,6.73
10-12-15,6.86
11-12-15,5.3
12-12-15,5.73
13-12-15,8.7
14-12-15,12.65
15-12-15,14.33
16-12-15,14.89
17-12-15,14.08
18-12-15,14.79
19-12-15,14.11
20-12-15,9.83
21-12-15,9.11
22-12-15,9.13
23-12-15,9.68
24-12-15,10.94
25-12-15,12.43
26-12-15,10.96
27-12-15,11.65
28-12-15,10.72
29-12-15,9.73
30-12-15,10.52
31-12-15,7.11
01-01-16,9.37
02-01-16,7.57
03-01-16,10.81
04-01-16,8.03
05-01-16,4.81
06-01-16,7.83
07-01-16,12.34
08-01-16,9.99
09-01-16,8.34
10-01-16,8.2
11-01-16,7.1
12-01-16,5.48
13-01-16,6.87
14-01-16,7.78
15-01-16,4.56
16-01-16,3.61
17-01-16,4.37
18-01-16,6.78
19-01-16,6.29
20-01-16,8.63
21-01-16,11.25
22-01-16,13.27
23-01-16,13.4
24-01-16,13.79
25-01-16,11.49
26-01-16,7.94
27-01-16,9.58
28-01-16,8.01
29-01-16,5.06
30-01-16,6.68
31-01-16,10.83
01-02-16,9.84
02-02-16,9.57
03-02-16,7.28
04-02-16,6.24
05-02-16,6.66
06-02-16,7.08
07-02-16,7.14
08-02-16,11.13
09-02-16,9.85
10-02-16,9.66
11-02-16,9.51
12-02-16,11.92
13-02-16,11.03
14-02-16,5.61
15-02-16,5.04
16-02-16,3.79
17-02-16,2.87
18-02-16,3.81
19-02-16,4.41
20-02-16,9.24
21-02-16,10.06
22-02-16,7.41
23-02-16,8.72
24-02-16,7.82
25-02-16,8.04
26-02-16,5.42
27-02-16,3.34
28-02-16,5.26
29-02-16,6.04
01-03-16,6.53
02-03-16,8.71
03-03-16,7.81
04-03-16,7.08
05-03-16,5.15
06-03-16,5.75
07-03-16,5.97
08-03-16,6.97
09-03-16,7.86
10-03-16,7.56
11-03-16,7.29
12-03-16,6.25
13-03-16,7.26
14-03-16,7.58
15-03-16,8.14
16-03-16,7.28
17-03-16,6.66
18-03-16,6.35
19-03-16,8.99
20-03-16,7.95
21-03-16,9.28
22-03-16,8.3
23-03-16,6.85
24-03-16,7.32
25-03-16,9.77
26-03-16,10.5
27-03-16,8.62
28-03-16,10.76
29-03-16,10.65
30-03-16,7.87
31-03-16,6.02
01-04-16,7
02-04-16,7.74
03-04-16,7.14
04-04-16,7.65
05-04-16,8.9
06-04-16,9.38
07-04-16,8.56
08-04-16,7.32
09-04-16,7.72
10-04-16,5.64
11-04-16,5.98
12-04-16,8.25
13-04-16,9.42
14-04-16,10.29
15-04-16,9.32
16-04-16,9.3
17-04-16,8.8
18-04-16,10.99
19-04-16,13.52
20-04-16,12.55
21-04-16,11.56
22-04-16,11.28
23-04-16,11.07
24-04-16,10.77
25-04-16,11.32
26-04-16,10.2
27-04-16,8.61
28-04-16,9.2
29-04-16,9.1
30-04-16,8.91
01-05-16,9.68
02-05-16,11.91
03-05-16,13.69
04-05-16,17.99
05-05-16,15.47
06-05-16,12.5
07-05-16,11.36
08-05-16,11.89
09-05-16,11.88
10-05-16,10.63
11-05-16,10.76
12-05-16,10.69
13-05-16,10.7
14-05-16,11.36
15-05-16,13.29
16-05-16,13.85
17-05-16,13.38
18-05-16,11.91
19-05-16,14.57
20-05-16,16.4
21-05-16,13.03
22-05-16,11.1
23-05-16,12.79
24-05-16,13.19
25-05-16,13.12
26-05-16,13.39
27-05-16,14.26
28-05-16,13
29-05-16,12.96
30-05-16,13.29
31-05-16,14.25
01-06-16,14.75
02-06-16,16.44
03-06-16,16.36
04-06-16,15.33
05-06-16,16.04
06-06-16,16.78
07-06-16,18.44
08-06-16,19.11
09-06-16,17.7
10-06-16,14.41
11-06-16,14.98
12-06-16,16.56
13-06-16,16.2
14-06-16,13.55
15-06-16,11.83
16-06-16,12.57
17-06-16,12.64
18-06-16,13.78
19-06-16,15.38
20-06-16,17.75
21-06-16,20.46
22-06-16,19.99
23-06-16,17.86
24-06-16,16.81
25-06-16,15.2
26-06-16,15.2
27-06-16,16.59
28-06-16,16.44
29-06-16,16.73
30-06-16,16.33
01-07-16,16.37
02-07-16,16.14
03-07-16,17.91
04-07-16,18.61
05-07-16,18.64
06-07-16,20.46
07-07-16,21.02
08-07-16,19.29
09-07-16,19.74
10-07-16,18.28
11-07-16,15.85
12-07-16,14.83
13-07-16,14.99
14-07-16,16.8
15-07-16,20.12
16-07-16,22.46
17-07-16,23.37
18-07-16,24.21
19-07-16,21
20-07-16,17.86
21-07-16,18
22-07-16,18.17
23-07-16,18.69
24-07-16,20.4
25-07-16,20.2
26-07-16,19.69
27-07-16,18.89
28-07-16,19.85
29-07-16,19.68
30-07-16,18.52
31-07-16,17.81
01-08-16,17.53
02-08-16,18.86
03-08-16,18.87
04-08-16,18.53
05-08-16,18.07
06-08-16,21.22
07-08-16,22.94
08-08-16,22
09-08-16,18.18
10-08-16,16.96
11-08-16,18.56
12-08-16,21.12
13-08-16,20.7
14-08-16,20.7
15-08-16,21.04
16-08-16,18.38
17-08-16,16.66
18-08-16,17.46
19-08-16,17.65
20-08-16,15.51
21-08-16,17.62
22-08-16,22.78
23-08-16,20.85
24-08-16,20.35
25-08-16,19.84
26-08-16,20.86
27-08-16,19.38
28-08-16,17.24
29-08-16,16.75
30-08-16,18.36
31-08-16,18.2
01-09-16,19.77
02-09-16,20.31
03-09-16,21.41
04-09-16,20.74
05-09-16,20.21
06-09-16,22.68
07-09-16,18.97
08-09-16,16.25
09-09-16,16.37
10-09-16,17.77
11-09-16,19.4
12-09-16,18.94
13-09-16,14.35
14-09-16,11.42
15-09-16,13.65
16-09-16,14.92
17-09-16,13.78
18-09-16,14.14
19-09-16,14.36
20-09-16,14.96
21-09-16,14
22-09-16,15.13
23-09-16,15.53
24-09-16,15.25
25-09-16,14.22
26-09-16,13.97
27-09-16,16.94
28-09-16,18.27
29-09-16,18.34
30-09-16,14.57
01-10-16,12.55
02-10-16,11.6
03-10-16,13.03
04-10-16,12.22
05-10-16,12.67
06-10-16,14.15
07-10-16,13.25
08-10-16,13.44
09-10-16,13.39
10-10-16,13.1
11-10-16,11.52
12-10-16,13.45
13-10-16,11.92
14-10-16,11.07
15-10-16,12.06
16-10-16,13.87
17-10-16,14.19
18-10-16,14.3
19-10-16,14.54
20-10-16,13.45
21-10-16,12.94
22-10-16,13.99
23-10-16,11.98
24-10-16,12.26
25-10-16,14.7
26-10-16,15.76
27-10-16,16.19
28-10-16,17.22
29-10-16,16.87
30-10-16,15.99
31-10-16,13.82
01-11-16,13.99
02-11-16,14
03-11-16,13.04
04-11-16,12.71
05-11-16,9.35
06-11-16,6.15
07-11-16,5.08
08-11-16,7.51
09-11-16,9.59
10-11-16,9.49
11-11-16,9.85
12-11-16,11.78
13-11-16,10.81
14-11-16,9.6
15-11-16,8.8
16-11-16,9.71
17-11-16,10.33
18-11-16,10.64
19-11-16,8.91
20-11-16,11.95
21-11-16,7.43
22-11-16,4.35
23-11-16,4.78
24-11-16,4.42
25-11-16,6.2
26-11-16,6.27
27-11-16,7.19
28-11-16,7.16
29-11-16,6.73
30-11-16,8.5
01-12-16,9.8
02-12-16,8.5
03-12-16,9.98
04-12-16,12.52
05-12-16,11.16
06-12-16,10.14
07-12-16,10.38
08-12-16,10.32
09-12-16,10.4
10-12-16,10.85
11-12-16,10.12
12-12-16,9.29
13-12-16,9.56
14-12-16,8.78
15-12-16,6.6
16-12-16,7.31
17-12-16,7.6
18-12-16,6.32
19-12-16,4.95
20-12-16,7.49
21-12-16,7.37
22-12-16,10.19
23-12-16,10.12
24-12-16,10.53
25-12-16,7.59
26-12-16,6.13
27-12-16,5.34
28-12-16,5.3
29-12-16,6.13
30-12-16,4.65
31-12-16,4.45
01-01-17,3.98
02-01-17,8.02
03-01-17,9.63
04-01-17,10.43
05-01-17,9.06
06-01-17,5.9
07-01-17,4.23
08-01-17,4.58
09-01-17,5.78
10-01-17,7.98
11-01-17,9.98
12-01-17,8.12
13-01-17,4.51
14-01-17,3.63
15-01-17,5.57
16-01-17,6.78
17-01-17,7.64
18-01-17,2.04
19-01-17,0.25
20-01-17,1.74
21-01-17,3.45
22-01-17,3.09
23-01-17,3
24-01-17,3.22
25-01-17,3.51
26-01-17,7.41
27-01-17,6.34
28-01-17,7.86
29-01-17,10.37
30-01-17,11.51
31-01-17,9.87
01-02-17,9.51
02-02-17,8.26
03-02-17,8.76
04-02-17,9.32
05-02-17,6.55
06-02-17,10.67
07-02-17,7.84
08-02-17,4.24
09-02-17,5.96
10-02-17,5.98
11-02-17,5.95
12-02-17,6.98
13-02-17,8.21
14-02-17,8.83
15-02-17,11.29
16-02-17,10.83
17-02-17,9.47
18-02-17,7.68
19-02-17,8.46
20-02-17,9.32
21-02-17,10.33
22-02-17,11.45
23-02-17,9.18
24-02-17,9.01
25-02-17,8.99
26-02-17,9.61
27-02-17,9.02
28-02-17,8.47
01-03-17,9.74
02-03-17,10.41
03-03-17,5.91
04-03-17,6.12
05-03-17,10.52
06-03-17,11.99
07-03-17,10.98
08-03-17,10.95
09-03-17,13.34
10-03-17,14.86
11-03-17,11.57
12-03-17,8.17
13-03-17,8.1
14-03-17,10.66
15-03-17,11.86
16-03-17,12.71
17-03-17,11.41
18-03-17,10.77
19-03-17,9.55
20-03-17,8.72
21-03-17,8.09
22-03-17,4.05
23-03-17,2.91
24-03-17,4.89
25-03-17,5.84
26-03-17,7.56
27-03-17,9.82
28-03-17,11.85
29-03-17,13.23
30-03-17,12.86
31-03-17,9.71
01-04-17,9.31
02-04-17,9.8
03-04-17,10.56
04-04-17,10.39
05-04-17,11.39
06-04-17,12.05
07-04-17,14.4
08-04-17,14.29
09-04-17,15.05
10-04-17,16.03
11-04-17,14.21
12-04-17,14.44
13-04-17,13.63
14-04-17,11.92
15-04-17,10.93
16-04-17,13.52
17-04-17,14.12
18-04-17,13.67
19-04-17,12.95
20-04-17,14.04
21-04-17,15.67
22-04-17,15.44
23-04-17,14.87
24-04-17,14.72
25-04-17,10.51
26-04-17,6.97
27-04-17,6.65
28-04-17,8.61
29-04-17,9.78
30-04-17,7.24
01-05-17,8.58
02-05-17,12.59
03-05-17,15.84
04-05-17,16.96
05-05-17,11.89
06-05-17,12.8
07-05-17,16.17
08-05-17,17.16
09-05-17,14.7
10-05-17,13.4
11-05-17,12.51
12-05-17,12.27
13-05-17,12.22
14-05-17,14.93
15-05-17,17.46
16-05-17,18.19
17-05-17,14.02
18-05-17,10.17
19-05-17,11
20-05-17,14.12
21-05-17,18.41
22-05-17,15.46
23-05-17,18.01
24-05-17,21.64
25-05-17,19.73
26-05-17,15.92
27-05-17,16.84
28-05-17,16.29
29-05-17,15.35
30-05-17,16
31-05-17,16.67
01-06-17,17.1
02-06-17,15.73
03-06-17,13.51
04-06-17,12.71
05-06-17,12.77
06-06-17,13.74
07-06-17,16.04
08-06-17,16.17
09-06-17,17.32
10-06-17,17.84
11-06-17,16.81
12-06-17,18.21
13-06-17,17.87
14-06-17,18.63
15-06-17,17.39
16-06-17,19.71
17-06-17,23.47
18-06-17,23.75
19-06-17,23.03
20-06-17,25.01
21-06-17,23.04
22-06-17,19.38
23-06-17,17.85
24-06-17,16.53
25-06-17,17.81
26-06-17,18.82
27-06-17,16.37
28-06-17,14.58
29-06-17,12.27
30-06-17,12.61
01-07-17,13.92
02-07-17,17.71
03-07-17,21.93
04-07-17,22.57
05-07-17,17.85
06-07-17,18.27
07-07-17,17.83
08-07-17,18.64
09-07-17,17.24
10-07-17,16.44
11-07-17,17.33
12-07-17,19.5
13-07-17,17.9
14-07-17,18.41
15-07-17,19.38
16-07-17,21.04
17-07-17,20.98
18-07-17,18.77
19-07-17,17.2
20-07-17,15.25
21-07-17,15.27
22-07-17,16.2
23-07-17,16.47
24-07-17,16.86
25-07-17,17.27
26-07-17,18.49
27-07-17,18.33
28-07-17,19.84
29-07-17,20.19
30-07-17,17.5
31-07-17,16.24
01-08-17,16.75
02-08-17,17.75
03-08-17,20.53
04-08-17,20.69
05-08-17,16.65
06-08-17,17.41
07-08-17,14.81
08-08-17,14.63
09-08-17,14.23
10-08-17,15.35
11-08-17,17.02
12-08-17,18.41
13-08-17,20.02
14-08-17,19.35
15-08-17,18.35
16-08-17,18.8
17-08-17,20.58
18-08-17,19.65
19-08-17,18.38
20-08-17,21.75
21-08-17,24.16
22-08-17,20.11
23-08-17,19.41
24-08-17,18.51
25-08-17,18.71
26-08-17,18.96
27-08-17,17.93
28-08-17,18.08
29-08-17,18.28
30-08-17,15.79
31-08-17,14.87
01-09-17,14.53
02-09-17,16.34
03-09-17,17.41
04-09-17,17.86
05-09-17,18.21
06-09-17,16.96
07-09-17,15.09
08-09-17,14.67
09-09-17,14.32
10-09-17,14.15
11-09-17,16.11
12-09-17,16.08
13-09-17,17.5
14-09-17,14.28
15-09-17,11.26
16-09-17,10.62
17-09-17,11.8
18-09-17,14.38
19-09-17,14.42
20-09-17,14.62
21-09-17,13.02
22-09-17,14.45
23-09-17,14.45
24-09-17,13.4
25-09-17,14.95
26-09-17,13.86
27-09-17,16.2
28-09-17,16.89
29-09-17,15.16
30-09-17,15.08
01-10-17,17.26
02-10-17,18.93
03-10-17,18.12
04-10-17,17.99
05-10-17,17.21
06-10-17,16.43
07-10-17,16.42
08-10-17,16
09-10-17,14.79
10-10-17,15.57
11-10-17,13.76
12-10-17,15.52
13-10-17,15.55
14-10-17,17.23
15-10-17,23.52
16-10-17,15.57
17-10-17,13.59
18-10-17,11.46
19-10-17,11.63
20-10-17,15.39
21-10-17,11.72
22-10-17,9.88
23-10-17,11.36
24-10-17,14.63
25-10-17,14.4
26-10-17,15.28
27-10-17,16.72
28-10-17,15.56
29-10-17,13.37
30-10-17,13.04
31-10-17,11.1
01-11-17,13.42
02-11-17,13.34
03-11-17,11.94
04-11-17,11.57
05-11-17,9.05
06-11-17,8.53
07-11-17,6.63
08-11-17,7.53
09-11-17,8.05
10-11-17,10.99
11-11-17,10.62
12-11-17,10.67
13-11-17,9.11
14-11-17,7.14
15-11-17,8.85
16-11-17,8.49
17-11-17,8.51
18-11-17,8.95
19-11-17,9.46
20-11-17,8.35
21-11-17,9.28
22-11-17,13.37
23-11-17,14.15
24-11-17,11.84
25-11-17,7.75
26-11-17,4.83
27-11-17,4.67
28-11-17,4.62
29-11-17,4.43
30-11-17,3.26
01-12-17,4.79
02-12-17,3.44
03-12-17,3.72
04-12-17,4.44
05-12-17,3.9
06-12-17,3.85
07-12-17,8.64
08-12-17,9.94
09-12-17,10.51
10-12-17,11.68
11-12-17,4.96
12-12-17,5.2
13-12-17,9.56
14-12-17,10.37
15-12-17,6.9
16-12-17,4.39
17-12-17,2.72
18-12-17,5
19-12-17,9.19
20-12-17,5.3
21-12-17,6.55
22-12-17,6.05
23-12-17,6.31
24-12-17,6.03
25-12-17,6.93
26-12-17,7.06
27-12-17,7
28-12-17,9.5
29-12-17,12.37
30-12-17,12.72
31-12-17,9.29
